"county, state",SIP Order Date
"Autauga, Alabama",4/3/2020
"Baldwin, Alabama",4/3/2020
"Barbour, Alabama",4/3/2020
"Bibb, Alabama",4/3/2020
"Blount, Alabama",4/3/2020
"Bullock, Alabama",4/3/2020
"Butler, Alabama",4/3/2020
"Calhoun, Alabama",4/3/2020
"Chambers, Alabama",4/3/2020
"Cherokee, Alabama",4/3/2020
"Chilton, Alabama",4/3/2020
"Choctaw, Alabama",4/3/2020
"Clarke, Alabama",4/3/2020
"Clay, Alabama",4/3/2020
"Cleburne, Alabama",4/3/2020
"Coffee, Alabama",4/3/2020
"Colbert, Alabama",4/3/2020
"Conecuh, Alabama",4/3/2020
"Coosa, Alabama",4/3/2020
"Covington, Alabama",4/3/2020
"Crenshaw, Alabama",4/3/2020
"Cullman, Alabama",4/3/2020
"Dale, Alabama",4/3/2020
"Dallas, Alabama",4/3/2020
"DeKalb, Alabama",4/3/2020
"Elmore, Alabama",4/3/2020
"Escambia, Alabama",4/3/2020
"Etowah, Alabama",4/3/2020
"Fayette, Alabama",4/3/2020
"Franklin, Alabama",4/3/2020
"Geneva, Alabama",4/3/2020
"Greene, Alabama",4/3/2020
"Hale, Alabama",4/3/2020
"Henry, Alabama",4/3/2020
"Houston, Alabama",4/3/2020
"Jackson, Alabama",4/3/2020
"Jefferson, Alabama",4/3/2020
"Lamar, Alabama",4/3/2020
"Lauderdale, Alabama",4/3/2020
"Lawrence, Alabama",4/3/2020
"Lee, Alabama",4/3/2020
"Limestone, Alabama",4/3/2020
"Lowndes, Alabama",4/3/2020
"Macon, Alabama",4/3/2020
"Madison, Alabama",4/3/2020
"Marengo, Alabama",4/3/2020
"Marion, Alabama",4/3/2020
"Marshall, Alabama",4/3/2020
"Mobile, Alabama",4/3/2020
"Monroe, Alabama",4/3/2020
"Montgomery, Alabama",4/3/2020
"Morgan, Alabama",4/3/2020
"Perry, Alabama",4/3/2020
"Pickens, Alabama",4/3/2020
"Pike, Alabama",4/3/2020
"Randolph, Alabama",4/3/2020
"Russell, Alabama",4/3/2020
"St. Clair, Alabama",4/3/2020
"Shelby, Alabama",4/3/2020
"Sumter, Alabama",4/3/2020
"Talladega, Alabama",4/3/2020
"Tallapoosa, Alabama",4/3/2020
"Tuscaloosa, Alabama",4/3/2020
"Walker, Alabama",4/3/2020
"Washington, Alabama",4/3/2020
"Wilcox, Alabama",4/3/2020
"Winston, Alabama",4/3/2020
"Juneau City and, Alaska",3/27/2020
"Sitka City and, Alaska",3/27/2020
"Wrangell City and, Alaska",3/27/2020
"Yakutat City and, Alaska",3/27/2020
"Apache, Arizona",3/30/2020
"Cochise, Arizona",3/30/2020
"Coconino, Arizona",3/30/2020
"Gila, Arizona",3/30/2020
"Graham, Arizona",3/30/2020
"Greenlee, Arizona",3/30/2020
"La Paz, Arizona",3/30/2020
"Maricopa, Arizona",3/30/2020
"Mohave, Arizona",3/30/2020
"Navajo, Arizona",3/30/2020
"Pima, Arizona",3/30/2020
"Pinal, Arizona",3/30/2020
"Santa Cruz, Arizona",3/30/2020
"Yavapai, Arizona",3/30/2020
"Yuma, Arizona",3/30/2020
"Arkansas, Arkansas",0/0/0
"Ashley, Arkansas",0/0/0
"Baxter, Arkansas",0/0/0
"Benton, Arkansas",0/0/0
"Boone, Arkansas",0/0/0
"Bradley, Arkansas",0/0/0
"Calhoun, Arkansas",0/0/0
"Carroll, Arkansas",0/0/0
"Chicot, Arkansas",0/0/0
"Clark, Arkansas",0/0/0
"Clay, Arkansas",0/0/0
"Cleburne, Arkansas",0/0/0
"Cleveland, Arkansas",0/0/0
"Columbia, Arkansas",0/0/0
"Conway, Arkansas",0/0/0
"Craighead, Arkansas",0/0/0
"Crawford, Arkansas",0/0/0
"Crittenden, Arkansas",0/0/0
"Cross, Arkansas",0/0/0
"Dallas, Arkansas",0/0/0
"Desha, Arkansas",0/0/0
"Drew, Arkansas",0/0/0
"Faulkner, Arkansas",0/0/0
"Franklin, Arkansas",0/0/0
"Fulton, Arkansas",0/0/0
"Garland, Arkansas",0/0/0
"Grant, Arkansas",0/0/0
"Greene, Arkansas",0/0/0
"Hempstead, Arkansas",0/0/0
"Hot Spring, Arkansas",0/0/0
"Howard, Arkansas",0/0/0
"Independence, Arkansas",0/0/0
"Izard, Arkansas",0/0/0
"Jackson, Arkansas",0/0/0
"Jefferson, Arkansas",0/0/0
"Johnson, Arkansas",0/0/0
"Lafayette, Arkansas",0/0/0
"Lawrence, Arkansas",0/0/0
"Lee, Arkansas",0/0/0
"Lincoln, Arkansas",0/0/0
"Little River, Arkansas",0/0/0
"Logan, Arkansas",0/0/0
"Lonoke, Arkansas",0/0/0
"Madison, Arkansas",0/0/0
"Marion, Arkansas",0/0/0
"Miller, Arkansas",0/0/0
"Mississippi, Arkansas",0/0/0
"Monroe, Arkansas",0/0/0
"Montgomery, Arkansas",0/0/0
"Nevada, Arkansas",0/0/0
"Newton, Arkansas",0/0/0
"Ouachita, Arkansas",0/0/0
"Perry, Arkansas",0/0/0
"Phillips, Arkansas",0/0/0
"Pike, Arkansas",0/0/0
"Poinsett, Arkansas",0/0/0
"Polk, Arkansas",0/0/0
"Pope, Arkansas",0/0/0
"Prairie, Arkansas",0/0/0
"Pulaski, Arkansas",0/0/0
"Randolph, Arkansas",0/0/0
"St. Francis, Arkansas",0/0/0
"Saline, Arkansas",0/0/0
"Scott, Arkansas",0/0/0
"Searcy, Arkansas",0/0/0
"Sebastian, Arkansas",0/0/0
"Sevier, Arkansas",0/0/0
"Sharp, Arkansas",0/0/0
"Stone, Arkansas",0/0/0
"Union, Arkansas",0/0/0
"Van Buren, Arkansas",0/0/0
"Washington, Arkansas",0/0/0
"White, Arkansas",0/0/0
"Woodruff, Arkansas",0/0/0
"Yell, Arkansas",0/0/0
"Alameda, California",3/19/2020
"Alpine, California",3/19/2020
"Amador, California",3/19/2020
"Butte, California",3/19/2020
"Calaveras, California",3/19/2020
"Colusa, California",3/19/2020
"Contra Costa, California",3/19/2020
"Del Norte, California",3/19/2020
"El Dorado, California",3/19/2020
"Fresno, California",3/19/2020
"Glenn, California",3/19/2020
"Humboldt, California",3/19/2020
"Imperial, California",3/19/2020
"Inyo, California",3/19/2020
"Kern, California",3/19/2020
"Kings, California",3/19/2020
"Lake, California",3/19/2020
"Lassen, California",3/19/2020
"Los Angeles, California",3/19/2020
"Madera, California",3/19/2020
"Marin, California",3/19/2020
"Mariposa, California",3/19/2020
"Mendocino, California",3/19/2020
"Merced, California",3/19/2020
"Modoc, California",3/19/2020
"Mono, California",3/19/2020
"Monterey, California",3/19/2020
"Napa, California",3/19/2020
"Nevada, California",3/19/2020
"Orange, California",3/19/2020
"Placer, California",3/19/2020
"Plumas, California",3/19/2020
"Riverside, California",3/19/2020
"Sacramento, California",3/19/2020
"San Benito, California",3/19/2020
"San Bernardino, California",3/19/2020
"San Diego, California",3/19/2020
"San Francisco, California",3/19/2020
"San Joaquin, California",3/19/2020
"San Luis Obispo, California",3/19/2020
"San Mateo, California",3/19/2020
"Santa Barbara, California",3/19/2020
"Santa Clara, California",3/19/2020
"Santa Cruz, California",3/19/2020
"Shasta, California",3/19/2020
"Sierra, California",3/19/2020
"Siskiyou, California",3/19/2020
"Solano, California",3/19/2020
"Sonoma, California",3/19/2020
"Stanislaus, California",3/19/2020
"Sutter, California",3/19/2020
"Tehama, California",3/19/2020
"Trinity, California",3/19/2020
"Tulare, California",3/19/2020
"Tuolumne, California",3/19/2020
"Ventura, California",3/19/2020
"Yolo, California",3/19/2020
"Yuba, California",3/19/2020
"Adams, Colorado",3/25/2020
"Alamosa, Colorado",3/25/2020
"Arapahoe, Colorado",3/25/2020
"Archuleta, Colorado",3/25/2020
"Baca, Colorado",3/25/2020
"Bent, Colorado",3/25/2020
"Boulder, Colorado",3/25/2020
"Broomfield, Colorado",3/25/2020
"Chaffee, Colorado",3/25/2020
"Cheyenne, Colorado",3/25/2020
"Clear Creek, Colorado",3/25/2020
"Conejos, Colorado",3/25/2020
"Costilla, Colorado",3/25/2020
"Crowley, Colorado",3/25/2020
"Custer, Colorado",3/25/2020
"Delta, Colorado",3/25/2020
"Denver, Colorado",3/25/2020
"Dolores, Colorado",3/25/2020
"Douglas, Colorado",3/25/2020
"Eagle, Colorado",3/25/2020
"Elbert, Colorado",3/25/2020
"El Paso, Colorado",3/25/2020
"Fremont, Colorado",3/25/2020
"Garfield, Colorado",3/25/2020
"Gilpin, Colorado",3/25/2020
"Grand, Colorado",3/25/2020
"Gunnison, Colorado",3/25/2020
"Hinsdale, Colorado",3/25/2020
"Huerfano, Colorado",3/25/2020
"Jackson, Colorado",3/25/2020
"Jefferson, Colorado",3/25/2020
"Kiowa, Colorado",3/25/2020
"Kit Carson, Colorado",3/25/2020
"Lake, Colorado",3/25/2020
"La Plata, Colorado",3/25/2020
"Larimer, Colorado",3/25/2020
"Las Animas, Colorado",3/25/2020
"Lincoln, Colorado",3/25/2020
"Logan, Colorado",3/25/2020
"Mesa, Colorado",3/25/2020
"Mineral, Colorado",3/25/2020
"Moffat, Colorado",3/25/2020
"Montezuma, Colorado",3/25/2020
"Montrose, Colorado",3/25/2020
"Morgan, Colorado",3/25/2020
"Otero, Colorado",3/25/2020
"Ouray, Colorado",3/25/2020
"Park, Colorado",3/25/2020
"Phillips, Colorado",3/25/2020
"Pitkin, Colorado",3/25/2020
"Prowers, Colorado",3/25/2020
"Pueblo, Colorado",3/25/2020
"Rio Blanco, Colorado",3/25/2020
"Rio Grande, Colorado",3/25/2020
"Routt, Colorado",3/25/2020
"Saguache, Colorado",3/25/2020
"San Juan, Colorado",3/25/2020
"San Miguel, Colorado",3/25/2020
"Sedgwick, Colorado",3/25/2020
"Summit, Colorado",3/25/2020
"Teller, Colorado",3/25/2020
"Washington, Colorado",3/25/2020
"Weld, Colorado",3/25/2020
"Yuma, Colorado",3/25/2020
"Fairfield, Connecticut",3/20/2020
"Hartford, Connecticut",3/20/2020
"Litchfield, Connecticut",3/20/2020
"Middlesex, Connecticut",3/20/2020
"New Haven, Connecticut",3/20/2020
"New London, Connecticut",3/20/2020
"Tolland, Connecticut",3/20/2020
"Windham, Connecticut",3/20/2020
"Kent, Delaware",3/22/2020
"New Castle, Delaware",3/22/2020
"Sussex, Delaware",3/22/2020
"Alachua, Florida",4/1/2020
"Baker, Florida",4/1/2020
"Bay, Florida",4/1/2020
"Bradford, Florida",4/1/2020
"Brevard, Florida",4/1/2020
"Broward, Florida",4/1/2020
"Calhoun, Florida",4/1/2020
"Charlotte, Florida",4/1/2020
"Citrus, Florida",4/1/2020
"Clay, Florida",4/1/2020
"Collier, Florida",4/1/2020
"Columbia, Florida",4/1/2020
"DeSoto, Florida",4/1/2020
"Dixie, Florida",4/1/2020
"Duval, Florida",4/1/2020
"Escambia, Florida",4/1/2020
"Flagler, Florida",4/1/2020
"Franklin, Florida",4/1/2020
"Gadsden, Florida",4/1/2020
"Gilchrist, Florida",4/1/2020
"Glades, Florida",4/1/2020
"Gulf, Florida",4/1/2020
"Hamilton, Florida",4/1/2020
"Hardee, Florida",4/1/2020
"Hendry, Florida",4/1/2020
"Hernando, Florida",4/1/2020
"Highlands, Florida",4/1/2020
"Hillsborough, Florida",4/1/2020
"Holmes, Florida",4/1/2020
"Indian River, Florida",4/1/2020
"Jackson, Florida",4/1/2020
"Jefferson, Florida",4/1/2020
"Lafayette, Florida",4/1/2020
"Lake, Florida",4/1/2020
"Lee, Florida",4/1/2020
"Leon, Florida",4/1/2020
"Levy, Florida",4/1/2020
"Liberty, Florida",4/1/2020
"Madison, Florida",4/1/2020
"Manatee, Florida",4/1/2020
"Marion, Florida",4/1/2020
"Martin, Florida",4/1/2020
"Miami-Dade, Florida",4/1/2020
"Monroe, Florida",4/1/2020
"Nassau, Florida",4/1/2020
"Okaloosa, Florida",4/1/2020
"Okeechobee, Florida",4/1/2020
"Orange, Florida",4/1/2020
"Osceola, Florida",4/1/2020
"Palm Beach, Florida",4/1/2020
"Pasco, Florida",4/1/2020
"Pinellas, Florida",4/1/2020
"Polk, Florida",4/1/2020
"Putnam, Florida",4/1/2020
"St. Johns, Florida",4/1/2020
"St. Lucie, Florida",4/1/2020
"Santa Rosa, Florida",4/1/2020
"Sarasota, Florida",4/1/2020
"Seminole, Florida",4/1/2020
"Sumter, Florida",4/1/2020
"Suwannee, Florida",4/1/2020
"Taylor, Florida",4/1/2020
"Union, Florida",4/1/2020
"Volusia, Florida",4/1/2020
"Wakulla, Florida",4/1/2020
"Walton, Florida",4/1/2020
"Washington, Florida",4/1/2020
"Appling, Georgia",4/2/2020
"Atkinson, Georgia",4/2/2020
"Bacon, Georgia",4/2/2020
"Baker, Georgia",4/2/2020
"Baldwin, Georgia",4/2/2020
"Banks, Georgia",4/2/2020
"Barrow, Georgia",4/2/2020
"Bartow, Georgia",4/2/2020
"Ben Hill, Georgia",4/2/2020
"Berrien, Georgia",4/2/2020
"Bibb, Georgia",4/2/2020
"Bleckley, Georgia",4/2/2020
"Brantley, Georgia",4/2/2020
"Brooks, Georgia",4/2/2020
"Bryan, Georgia",4/2/2020
"Bulloch, Georgia",4/2/2020
"Burke, Georgia",4/2/2020
"Butts, Georgia",4/2/2020
"Calhoun, Georgia",4/2/2020
"Camden, Georgia",4/2/2020
"Candler, Georgia",4/2/2020
"Carroll, Georgia",4/2/2020
"Catoosa, Georgia",4/2/2020
"Charlton, Georgia",4/2/2020
"Chatham, Georgia",4/2/2020
"Chattahoochee, Georgia",4/2/2020
"Chattooga, Georgia",4/2/2020
"Cherokee, Georgia",4/2/2020
"Clarke, Georgia",4/2/2020
"Clay, Georgia",4/2/2020
"Clayton, Georgia",4/2/2020
"Clinch, Georgia",4/2/2020
"Cobb, Georgia",4/2/2020
"Coffee, Georgia",4/2/2020
"Colquitt, Georgia",4/2/2020
"Columbia, Georgia",4/2/2020
"Cook, Georgia",4/2/2020
"Coweta, Georgia",4/2/2020
"Crawford, Georgia",4/2/2020
"Crisp, Georgia",4/2/2020
"Dade, Georgia",4/2/2020
"Dawson, Georgia",4/2/2020
"Decatur, Georgia",4/2/2020
"DeKalb, Georgia",4/2/2020
"Dodge, Georgia",4/2/2020
"Dooly, Georgia",4/2/2020
"Dougherty, Georgia",4/2/2020
"Douglas, Georgia",4/2/2020
"Early, Georgia",4/2/2020
"Echols, Georgia",4/2/2020
"Effingham, Georgia",4/2/2020
"Elbert, Georgia",4/2/2020
"Emanuel, Georgia",4/2/2020
"Evans, Georgia",4/2/2020
"Fannin, Georgia",4/2/2020
"Fayette, Georgia",4/2/2020
"Floyd, Georgia",4/2/2020
"Forsyth, Georgia",4/2/2020
"Franklin, Georgia",4/2/2020
"Fulton, Georgia",4/2/2020
"Gilmer, Georgia",4/2/2020
"Glascock, Georgia",4/2/2020
"Glynn, Georgia",4/2/2020
"Gordon, Georgia",4/2/2020
"Grady, Georgia",4/2/2020
"Greene, Georgia",4/2/2020
"Gwinnett, Georgia",4/2/2020
"Habersham, Georgia",4/2/2020
"Hall, Georgia",4/2/2020
"Hancock, Georgia",4/2/2020
"Haralson, Georgia",4/2/2020
"Harris, Georgia",4/2/2020
"Hart, Georgia",4/2/2020
"Heard, Georgia",4/2/2020
"Henry, Georgia",4/2/2020
"Houston, Georgia",4/2/2020
"Irwin, Georgia",4/2/2020
"Jackson, Georgia",4/2/2020
"Jasper, Georgia",4/2/2020
"Jeff Davis, Georgia",4/2/2020
"Jefferson, Georgia",4/2/2020
"Jenkins, Georgia",4/2/2020
"Johnson, Georgia",4/2/2020
"Jones, Georgia",4/2/2020
"Lamar, Georgia",4/2/2020
"Lanier, Georgia",4/2/2020
"Laurens, Georgia",4/2/2020
"Lee, Georgia",4/2/2020
"Liberty, Georgia",4/2/2020
"Lincoln, Georgia",4/2/2020
"Long, Georgia",4/2/2020
"Lowndes, Georgia",4/2/2020
"Lumpkin, Georgia",4/2/2020
"McDuffie, Georgia",4/2/2020
"McIntosh, Georgia",4/2/2020
"Macon, Georgia",4/2/2020
"Madison, Georgia",4/2/2020
"Marion, Georgia",4/2/2020
"Meriwether, Georgia",4/2/2020
"Miller, Georgia",4/2/2020
"Mitchell, Georgia",4/2/2020
"Monroe, Georgia",4/2/2020
"Montgomery, Georgia",4/2/2020
"Morgan, Georgia",4/2/2020
"Murray, Georgia",4/2/2020
"Muscogee, Georgia",4/2/2020
"Newton, Georgia",4/2/2020
"Oconee, Georgia",4/2/2020
"Oglethorpe, Georgia",4/2/2020
"Paulding, Georgia",4/2/2020
"Peach, Georgia",4/2/2020
"Pickens, Georgia",4/2/2020
"Pierce, Georgia",4/2/2020
"Pike, Georgia",4/2/2020
"Polk, Georgia",4/2/2020
"Pulaski, Georgia",4/2/2020
"Putnam, Georgia",4/2/2020
"Quitman, Georgia",4/2/2020
"Rabun, Georgia",4/2/2020
"Randolph, Georgia",4/2/2020
"Richmond, Georgia",4/2/2020
"Rockdale, Georgia",4/2/2020
"Schley, Georgia",4/2/2020
"Screven, Georgia",4/2/2020
"Seminole, Georgia",4/2/2020
"Spalding, Georgia",4/2/2020
"Stephens, Georgia",4/2/2020
"Stewart, Georgia",4/2/2020
"Sumter, Georgia",4/2/2020
"Talbot, Georgia",4/2/2020
"Taliaferro, Georgia",4/2/2020
"Tattnall, Georgia",4/2/2020
"Taylor, Georgia",4/2/2020
"Telfair, Georgia",4/2/2020
"Terrell, Georgia",4/2/2020
"Thomas, Georgia",4/2/2020
"Tift, Georgia",4/2/2020
"Toombs, Georgia",4/2/2020
"Towns, Georgia",4/2/2020
"Treutlen, Georgia",4/2/2020
"Troup, Georgia",4/2/2020
"Turner, Georgia",4/2/2020
"Twiggs, Georgia",4/2/2020
"Union, Georgia",4/2/2020
"Upson, Georgia",4/2/2020
"Walker, Georgia",4/2/2020
"Walton, Georgia",4/2/2020
"Ware, Georgia",4/2/2020
"Warren, Georgia",4/2/2020
"Washington, Georgia",4/2/2020
"Wayne, Georgia",4/2/2020
"Webster, Georgia",4/2/2020
"Wheeler, Georgia",4/2/2020
"White, Georgia",4/2/2020
"Whitfield, Georgia",4/2/2020
"Wilcox, Georgia",4/2/2020
"Wilkes, Georgia",4/2/2020
"Wilkinson, Georgia",4/2/2020
"Worth, Georgia",4/2/2020
"Hawaii, Hawaii",3/23/2020
"Honolulu, Hawaii",3/23/2020
"Kalawao, Hawaii",3/23/2020
"Kauai, Hawaii",3/23/2020
"Maui, Hawaii",3/23/2020
"Ada, Idaho",3/25/2020
"Adams, Idaho",3/25/2020
"Bannock, Idaho",3/25/2020
"Bear Lake, Idaho",3/25/2020
"Benewah, Idaho",3/25/2020
"Bingham, Idaho",3/25/2020
"Blaine, Idaho",3/25/2020
"Boise, Idaho",3/25/2020
"Bonner, Idaho",3/25/2020
"Bonneville, Idaho",3/25/2020
"Boundary, Idaho",3/25/2020
"Butte, Idaho",3/25/2020
"Camas, Idaho",3/25/2020
"Canyon, Idaho",3/25/2020
"Caribou, Idaho",3/25/2020
"Cassia, Idaho",3/25/2020
"Clark, Idaho",3/25/2020
"Clearwater, Idaho",3/25/2020
"Custer, Idaho",3/25/2020
"Elmore, Idaho",3/25/2020
"Franklin, Idaho",3/25/2020
"Fremont, Idaho",3/25/2020
"Gem, Idaho",3/25/2020
"Gooding, Idaho",3/25/2020
"Idaho, Idaho",3/25/2020
"Jefferson, Idaho",3/25/2020
"Jerome, Idaho",3/25/2020
"Kootenai, Idaho",3/25/2020
"Latah, Idaho",3/25/2020
"Lemhi, Idaho",3/25/2020
"Lewis, Idaho",3/25/2020
"Lincoln, Idaho",3/25/2020
"Madison, Idaho",3/25/2020
"Minidoka, Idaho",3/25/2020
"Nez Perce, Idaho",3/25/2020
"Oneida, Idaho",3/25/2020
"Owyhee, Idaho",3/25/2020
"Payette, Idaho",3/25/2020
"Power, Idaho",3/25/2020
"Shoshone, Idaho",3/25/2020
"Teton, Idaho",3/25/2020
"Twin Falls, Idaho",3/25/2020
"Valley, Idaho",3/25/2020
"Washington, Idaho",3/25/2020
"Adams, Illinois",3/20/2020
"Alexander, Illinois",3/20/2020
"Bond, Illinois",3/20/2020
"Boone, Illinois",3/20/2020
"Brown, Illinois",3/20/2020
"Bureau, Illinois",3/20/2020
"Calhoun, Illinois",3/20/2020
"Carroll, Illinois",3/20/2020
"Cass, Illinois",3/20/2020
"Champaign, Illinois",3/20/2020
"Christian, Illinois",3/20/2020
"Clark, Illinois",3/20/2020
"Clay, Illinois",3/20/2020
"Clinton, Illinois",3/20/2020
"Coles, Illinois",3/20/2020
"Cook, Illinois",3/20/2020
"Crawford, Illinois",3/20/2020
"Cumberland, Illinois",3/20/2020
"DeKalb, Illinois",3/20/2020
"De Witt, Illinois",3/20/2020
"Douglas, Illinois",3/20/2020
"DuPage, Illinois",3/20/2020
"Edgar, Illinois",3/20/2020
"Edwards, Illinois",3/20/2020
"Effingham, Illinois",3/20/2020
"Fayette, Illinois",3/20/2020
"Ford, Illinois",3/20/2020
"Franklin, Illinois",3/20/2020
"Fulton, Illinois",3/20/2020
"Gallatin, Illinois",3/20/2020
"Greene, Illinois",3/20/2020
"Grundy, Illinois",3/20/2020
"Hamilton, Illinois",3/20/2020
"Hancock, Illinois",3/20/2020
"Hardin, Illinois",3/20/2020
"Henderson, Illinois",3/20/2020
"Henry, Illinois",3/20/2020
"Iroquois, Illinois",3/20/2020
"Jackson, Illinois",3/20/2020
"Jasper, Illinois",3/20/2020
"Jefferson, Illinois",3/20/2020
"Jersey, Illinois",3/20/2020
"Jo Daviess, Illinois",3/20/2020
"Johnson, Illinois",3/20/2020
"Kane, Illinois",3/20/2020
"Kankakee, Illinois",3/20/2020
"Kendall, Illinois",3/20/2020
"Knox, Illinois",3/20/2020
"Lake, Illinois",3/20/2020
"LaSalle, Illinois",3/20/2020
"Lawrence, Illinois",3/20/2020
"Lee, Illinois",3/20/2020
"Livingston, Illinois",3/20/2020
"Logan, Illinois",3/20/2020
"McDonough, Illinois",3/20/2020
"McHenry, Illinois",3/20/2020
"McLean, Illinois",3/20/2020
"Macon, Illinois",3/20/2020
"Macoupin, Illinois",3/20/2020
"Madison, Illinois",3/20/2020
"Marion, Illinois",3/20/2020
"Marshall, Illinois",3/20/2020
"Mason, Illinois",3/20/2020
"Massac, Illinois",3/20/2020
"Menard, Illinois",3/20/2020
"Mercer, Illinois",3/20/2020
"Monroe, Illinois",3/20/2020
"Montgomery, Illinois",3/20/2020
"Morgan, Illinois",3/20/2020
"Moultrie, Illinois",3/20/2020
"Ogle, Illinois",3/20/2020
"Peoria, Illinois",3/20/2020
"Perry, Illinois",3/20/2020
"Piatt, Illinois",3/20/2020
"Pike, Illinois",3/20/2020
"Pope, Illinois",3/20/2020
"Pulaski, Illinois",3/20/2020
"Putnam, Illinois",3/20/2020
"Randolph, Illinois",3/20/2020
"Richland, Illinois",3/20/2020
"Rock Island, Illinois",3/20/2020
"St. Clair, Illinois",3/20/2020
"Saline, Illinois",3/20/2020
"Sangamon, Illinois",3/20/2020
"Schuyler, Illinois",3/20/2020
"Scott, Illinois",3/20/2020
"Shelby, Illinois",3/20/2020
"Stark, Illinois",3/20/2020
"Stephenson, Illinois",3/20/2020
"Tazewell, Illinois",3/20/2020
"Union, Illinois",3/20/2020
"Vermilion, Illinois",3/20/2020
"Wabash, Illinois",3/20/2020
"Warren, Illinois",3/20/2020
"Washington, Illinois",3/20/2020
"Wayne, Illinois",3/20/2020
"White, Illinois",3/20/2020
"Whiteside, Illinois",3/20/2020
"Will, Illinois",3/20/2020
"Williamson, Illinois",3/20/2020
"Winnebago, Illinois",3/20/2020
"Woodford, Illinois",3/20/2020
"Adams, Indiana",3/23/2020
"Allen, Indiana",3/23/2020
"Bartholomew, Indiana",3/23/2020
"Benton, Indiana",3/23/2020
"Blackford, Indiana",3/23/2020
"Boone, Indiana",3/23/2020
"Brown, Indiana",3/23/2020
"Carroll, Indiana",3/23/2020
"Cass, Indiana",3/23/2020
"Clark, Indiana",3/23/2020
"Clay, Indiana",3/23/2020
"Clinton, Indiana",3/23/2020
"Crawford, Indiana",3/23/2020
"Daviess, Indiana",3/23/2020
"Dearborn, Indiana",3/23/2020
"Decatur, Indiana",3/23/2020
"DeKalb, Indiana",3/23/2020
"Delaware, Indiana",3/23/2020
"Dubois, Indiana",3/23/2020
"Elkhart, Indiana",3/23/2020
"Fayette, Indiana",3/23/2020
"Floyd, Indiana",3/23/2020
"Fountain, Indiana",3/23/2020
"Franklin, Indiana",3/23/2020
"Fulton, Indiana",3/23/2020
"Gibson, Indiana",3/23/2020
"Grant, Indiana",3/23/2020
"Greene, Indiana",3/23/2020
"Hamilton, Indiana",3/23/2020
"Hancock, Indiana",3/23/2020
"Harrison, Indiana",3/23/2020
"Hendricks, Indiana",3/23/2020
"Henry, Indiana",3/23/2020
"Howard, Indiana",3/23/2020
"Huntington, Indiana",3/23/2020
"Jackson, Indiana",3/23/2020
"Jasper, Indiana",3/23/2020
"Jay, Indiana",3/23/2020
"Jefferson, Indiana",3/23/2020
"Jennings, Indiana",3/23/2020
"Johnson, Indiana",3/23/2020
"Knox, Indiana",3/23/2020
"Kosciusko, Indiana",3/23/2020
"LaGrange, Indiana",3/23/2020
"Lake, Indiana",3/23/2020
"LaPorte, Indiana",3/23/2020
"Lawrence, Indiana",3/23/2020
"Madison, Indiana",3/23/2020
"Marion, Indiana",3/23/2020
"Marshall, Indiana",3/23/2020
"Martin, Indiana",3/23/2020
"Miami, Indiana",3/23/2020
"Monroe, Indiana",3/23/2020
"Montgomery, Indiana",3/23/2020
"Morgan, Indiana",3/23/2020
"Newton, Indiana",3/23/2020
"Noble, Indiana",3/23/2020
"Ohio, Indiana",3/23/2020
"Orange, Indiana",3/23/2020
"Owen, Indiana",3/23/2020
"Parke, Indiana",3/23/2020
"Perry, Indiana",3/23/2020
"Pike, Indiana",3/23/2020
"Porter, Indiana",3/23/2020
"Posey, Indiana",3/23/2020
"Pulaski, Indiana",3/23/2020
"Putnam, Indiana",3/23/2020
"Randolph, Indiana",3/23/2020
"Ripley, Indiana",3/23/2020
"Rush, Indiana",3/23/2020
"St. Joseph, Indiana",3/23/2020
"Scott, Indiana",3/23/2020
"Shelby, Indiana",3/23/2020
"Spencer, Indiana",3/23/2020
"Starke, Indiana",3/23/2020
"Steuben, Indiana",3/23/2020
"Sullivan, Indiana",3/23/2020
"Switzerland, Indiana",3/23/2020
"Tippecanoe, Indiana",3/23/2020
"Tipton, Indiana",3/23/2020
"Union, Indiana",3/23/2020
"Vanderburgh, Indiana",3/23/2020
"Vermillion, Indiana",3/23/2020
"Vigo, Indiana",3/23/2020
"Wabash, Indiana",3/23/2020
"Warren, Indiana",3/23/2020
"Warrick, Indiana",3/23/2020
"Washington, Indiana",3/23/2020
"Wayne, Indiana",3/23/2020
"Wells, Indiana",3/23/2020
"White, Indiana",3/23/2020
"Whitley, Indiana",3/23/2020
"Adair, Iowa",0/0/0
"Adams, Iowa",0/0/0
"Allamakee, Iowa",0/0/0
"Appanoose, Iowa",0/0/0
"Audubon, Iowa",0/0/0
"Benton, Iowa",0/0/0
"Black Hawk, Iowa",0/0/0
"Boone, Iowa",0/0/0
"Bremer, Iowa",0/0/0
"Buchanan, Iowa",0/0/0
"Buena Vista, Iowa",0/0/0
"Butler, Iowa",0/0/0
"Calhoun, Iowa",0/0/0
"Carroll, Iowa",0/0/0
"Cass, Iowa",0/0/0
"Cedar, Iowa",0/0/0
"Cerro Gordo, Iowa",0/0/0
"Cherokee, Iowa",0/0/0
"Chickasaw, Iowa",0/0/0
"Clarke, Iowa",0/0/0
"Clay, Iowa",0/0/0
"Clayton, Iowa",0/0/0
"Clinton, Iowa",0/0/0
"Crawford, Iowa",0/0/0
"Dallas, Iowa",0/0/0
"Davis, Iowa",0/0/0
"Decatur, Iowa",0/0/0
"Delaware, Iowa",0/0/0
"Des Moines, Iowa",0/0/0
"Dickinson, Iowa",0/0/0
"Dubuque, Iowa",0/0/0
"Emmet, Iowa",0/0/0
"Fayette, Iowa",0/0/0
"Floyd, Iowa",0/0/0
"Franklin, Iowa",0/0/0
"Fremont, Iowa",0/0/0
"Greene, Iowa",0/0/0
"Grundy, Iowa",0/0/0
"Guthrie, Iowa",0/0/0
"Hamilton, Iowa",0/0/0
"Hancock, Iowa",0/0/0
"Hardin, Iowa",0/0/0
"Harrison, Iowa",0/0/0
"Henry, Iowa",0/0/0
"Howard, Iowa",0/0/0
"Humboldt, Iowa",0/0/0
"Ida, Iowa",0/0/0
"Iowa, Iowa",0/0/0
"Jackson, Iowa",0/0/0
"Jasper, Iowa",0/0/0
"Jefferson, Iowa",0/0/0
"Johnson, Iowa",0/0/0
"Jones, Iowa",0/0/0
"Keokuk, Iowa",0/0/0
"Kossuth, Iowa",0/0/0
"Lee, Iowa",0/0/0
"Linn, Iowa",0/0/0
"Louisa, Iowa",0/0/0
"Lucas, Iowa",0/0/0
"Lyon, Iowa",0/0/0
"Madison, Iowa",0/0/0
"Mahaska, Iowa",0/0/0
"Marion, Iowa",0/0/0
"Marshall, Iowa",0/0/0
"Mills, Iowa",0/0/0
"Mitchell, Iowa",0/0/0
"Monona, Iowa",0/0/0
"Monroe, Iowa",0/0/0
"Montgomery, Iowa",0/0/0
"Muscatine, Iowa",0/0/0
"O'Brien, Iowa",0/0/0
"Osceola, Iowa",0/0/0
"Page, Iowa",0/0/0
"Palo Alto, Iowa",0/0/0
"Plymouth, Iowa",0/0/0
"Pocahontas, Iowa",0/0/0
"Polk, Iowa",0/0/0
"Pottawattamie, Iowa",0/0/0
"Poweshiek, Iowa",0/0/0
"Ringgold, Iowa",0/0/0
"Sac, Iowa",0/0/0
"Scott, Iowa",0/0/0
"Shelby, Iowa",0/0/0
"Sioux, Iowa",0/0/0
"Story, Iowa",0/0/0
"Tama, Iowa",0/0/0
"Taylor, Iowa",0/0/0
"Union, Iowa",0/0/0
"Van Buren, Iowa",0/0/0
"Wapello, Iowa",0/0/0
"Warren, Iowa",0/0/0
"Washington, Iowa",0/0/0
"Wayne, Iowa",0/0/0
"Webster, Iowa",0/0/0
"Winnebago, Iowa",0/0/0
"Winneshiek, Iowa",0/0/0
"Woodbury, Iowa",0/0/0
"Worth, Iowa",0/0/0
"Wright, Iowa",0/0/0
"Allen, Kansas",3/28/2020
"Anderson, Kansas",3/28/2020
"Atchison, Kansas",3/28/2020
"Barber, Kansas",3/28/2020
"Barton, Kansas",3/28/2020
"Bourbon, Kansas",3/28/2020
"Brown, Kansas",3/28/2020
"Butler, Kansas",3/28/2020
"Chase, Kansas",3/28/2020
"Chautauqua, Kansas",3/28/2020
"Cherokee, Kansas",3/28/2020
"Cheyenne, Kansas",3/28/2020
"Clark, Kansas",3/28/2020
"Clay, Kansas",3/28/2020
"Cloud, Kansas",3/28/2020
"Coffey, Kansas",3/28/2020
"Comanche, Kansas",3/28/2020
"Cowley, Kansas",3/28/2020
"Crawford, Kansas",3/28/2020
"Decatur, Kansas",3/28/2020
"Dickinson, Kansas",3/28/2020
"Doniphan, Kansas",3/28/2020
"Douglas, Kansas",3/28/2020
"Edwards, Kansas",3/28/2020
"Elk, Kansas",3/28/2020
"Ellis, Kansas",3/28/2020
"Ellsworth, Kansas",3/28/2020
"Finney, Kansas",3/28/2020
"Ford, Kansas",3/28/2020
"Franklin, Kansas",3/28/2020
"Geary, Kansas",3/28/2020
"Gove, Kansas",3/28/2020
"Graham, Kansas",3/28/2020
"Grant, Kansas",3/28/2020
"Gray, Kansas",3/28/2020
"Greeley, Kansas",3/28/2020
"Greenwood, Kansas",3/28/2020
"Hamilton, Kansas",3/28/2020
"Harper, Kansas",3/28/2020
"Harvey, Kansas",3/28/2020
"Haskell, Kansas",3/28/2020
"Hodgeman, Kansas",3/28/2020
"Jackson, Kansas",3/28/2020
"Jefferson, Kansas",3/28/2020
"Jewell, Kansas",3/28/2020
"Johnson, Kansas",3/28/2020
"Kearny, Kansas",3/28/2020
"Kingman, Kansas",3/28/2020
"Kiowa, Kansas",3/28/2020
"Labette, Kansas",3/28/2020
"Lane, Kansas",3/28/2020
"Leavenworth, Kansas",3/28/2020
"Lincoln, Kansas",3/28/2020
"Linn, Kansas",3/28/2020
"Logan, Kansas",3/28/2020
"Lyon, Kansas",3/28/2020
"McPherson, Kansas",3/28/2020
"Marion, Kansas",3/28/2020
"Marshall, Kansas",3/28/2020
"Meade, Kansas",3/28/2020
"Miami, Kansas",3/28/2020
"Mitchell, Kansas",3/28/2020
"Montgomery, Kansas",3/28/2020
"Morris, Kansas",3/28/2020
"Morton, Kansas",3/28/2020
"Nemaha, Kansas",3/28/2020
"Neosho, Kansas",3/28/2020
"Ness, Kansas",3/28/2020
"Norton, Kansas",3/28/2020
"Osage, Kansas",3/28/2020
"Osborne, Kansas",3/28/2020
"Ottawa, Kansas",3/28/2020
"Pawnee, Kansas",3/28/2020
"Phillips, Kansas",3/28/2020
"Pottawatomie, Kansas",3/28/2020
"Pratt, Kansas",3/28/2020
"Rawlins, Kansas",3/28/2020
"Reno, Kansas",3/28/2020
"Republic, Kansas",3/28/2020
"Rice, Kansas",3/28/2020
"Riley, Kansas",3/28/2020
"Rooks, Kansas",3/28/2020
"Rush, Kansas",3/28/2020
"Russell, Kansas",3/28/2020
"Saline, Kansas",3/28/2020
"Scott, Kansas",3/28/2020
"Sedgwick, Kansas",3/28/2020
"Seward, Kansas",3/28/2020
"Shawnee, Kansas",3/28/2020
"Sheridan, Kansas",3/28/2020
"Sherman, Kansas",3/28/2020
"Smith, Kansas",3/28/2020
"Stafford, Kansas",3/28/2020
"Stanton, Kansas",3/28/2020
"Stevens, Kansas",3/28/2020
"Sumner, Kansas",3/28/2020
"Thomas, Kansas",3/28/2020
"Trego, Kansas",3/28/2020
"Wabaunsee, Kansas",3/28/2020
"Wallace, Kansas",3/28/2020
"Washington, Kansas",3/28/2020
"Wichita, Kansas",3/28/2020
"Wilson, Kansas",3/28/2020
"Woodson, Kansas",3/28/2020
"Wyandotte, Kansas",3/28/2020
"Adair, Kentucky",3/22/2020
"Allen, Kentucky",3/22/2020
"Anderson, Kentucky",3/22/2020
"Ballard, Kentucky",3/22/2020
"Barren, Kentucky",3/22/2020
"Bath, Kentucky",3/22/2020
"Bell, Kentucky",3/22/2020
"Boone, Kentucky",3/22/2020
"Bourbon, Kentucky",3/22/2020
"Boyd, Kentucky",3/22/2020
"Boyle, Kentucky",3/22/2020
"Bracken, Kentucky",3/22/2020
"Breathitt, Kentucky",3/22/2020
"Breckinridge, Kentucky",3/22/2020
"Bullitt, Kentucky",3/22/2020
"Butler, Kentucky",3/22/2020
"Caldwell, Kentucky",3/22/2020
"Calloway, Kentucky",3/22/2020
"Campbell, Kentucky",3/22/2020
"Carlisle, Kentucky",3/22/2020
"Carroll, Kentucky",3/22/2020
"Carter, Kentucky",3/22/2020
"Casey, Kentucky",3/22/2020
"Christian, Kentucky",3/22/2020
"Clark, Kentucky",3/22/2020
"Clay, Kentucky",3/22/2020
"Clinton, Kentucky",3/22/2020
"Crittenden, Kentucky",3/22/2020
"Cumberland, Kentucky",3/22/2020
"Daviess, Kentucky",3/22/2020
"Edmonson, Kentucky",3/22/2020
"Elliott, Kentucky",3/22/2020
"Estill, Kentucky",3/22/2020
"Fayette, Kentucky",3/22/2020
"Fleming, Kentucky",3/22/2020
"Floyd, Kentucky",3/22/2020
"Franklin, Kentucky",3/22/2020
"Fulton, Kentucky",3/22/2020
"Gallatin, Kentucky",3/22/2020
"Garrard, Kentucky",3/22/2020
"Grant, Kentucky",3/22/2020
"Graves, Kentucky",3/22/2020
"Grayson, Kentucky",3/22/2020
"Green, Kentucky",3/22/2020
"Greenup, Kentucky",3/22/2020
"Hancock, Kentucky",3/22/2020
"Hardin, Kentucky",3/22/2020
"Harlan, Kentucky",3/22/2020
"Harrison, Kentucky",3/22/2020
"Hart, Kentucky",3/22/2020
"Henderson, Kentucky",3/22/2020
"Henry, Kentucky",3/22/2020
"Hickman, Kentucky",3/22/2020
"Hopkins, Kentucky",3/22/2020
"Jackson, Kentucky",3/22/2020
"Jefferson, Kentucky",3/22/2020
"Jessamine, Kentucky",3/22/2020
"Johnson, Kentucky",3/22/2020
"Kenton, Kentucky",3/22/2020
"Knott, Kentucky",3/22/2020
"Knox, Kentucky",3/22/2020
"Larue, Kentucky",3/22/2020
"Laurel, Kentucky",3/22/2020
"Lawrence, Kentucky",3/22/2020
"Lee, Kentucky",3/22/2020
"Leslie, Kentucky",3/22/2020
"Letcher, Kentucky",3/22/2020
"Lewis, Kentucky",3/22/2020
"Lincoln, Kentucky",3/22/2020
"Livingston, Kentucky",3/22/2020
"Logan, Kentucky",3/22/2020
"Lyon, Kentucky",3/22/2020
"McCracken, Kentucky",3/22/2020
"McCreary, Kentucky",3/22/2020
"McLean, Kentucky",3/22/2020
"Madison, Kentucky",3/22/2020
"Magoffin, Kentucky",3/22/2020
"Marion, Kentucky",3/22/2020
"Marshall, Kentucky",3/22/2020
"Martin, Kentucky",3/22/2020
"Mason, Kentucky",3/22/2020
"Meade, Kentucky",3/22/2020
"Menifee, Kentucky",3/22/2020
"Mercer, Kentucky",3/22/2020
"Metcalfe, Kentucky",3/22/2020
"Monroe, Kentucky",3/22/2020
"Montgomery, Kentucky",3/22/2020
"Morgan, Kentucky",3/22/2020
"Muhlenberg, Kentucky",3/22/2020
"Nelson, Kentucky",3/22/2020
"Nicholas, Kentucky",3/22/2020
"Ohio, Kentucky",3/22/2020
"Oldham, Kentucky",3/22/2020
"Owen, Kentucky",3/22/2020
"Owsley, Kentucky",3/22/2020
"Pendleton, Kentucky",3/22/2020
"Perry, Kentucky",3/22/2020
"Pike, Kentucky",3/22/2020
"Powell, Kentucky",3/22/2020
"Pulaski, Kentucky",3/22/2020
"Robertson, Kentucky",3/22/2020
"Rockcastle, Kentucky",3/22/2020
"Rowan, Kentucky",3/22/2020
"Russell, Kentucky",3/22/2020
"Scott, Kentucky",3/22/2020
"Shelby, Kentucky",3/22/2020
"Simpson, Kentucky",3/22/2020
"Spencer, Kentucky",3/22/2020
"Taylor, Kentucky",3/22/2020
"Todd, Kentucky",3/22/2020
"Trigg, Kentucky",3/22/2020
"Trimble, Kentucky",3/22/2020
"Union, Kentucky",3/22/2020
"Warren, Kentucky",3/22/2020
"Washington, Kentucky",3/22/2020
"Wayne, Kentucky",3/22/2020
"Webster, Kentucky",3/22/2020
"Whitley, Kentucky",3/22/2020
"Wolfe, Kentucky",3/22/2020
"Woodford, Kentucky",3/22/2020
"Acadia, Louisiana",3/22/2020
"Allen, Louisiana",3/22/2020
"Ascension, Louisiana",3/22/2020
"Assumption, Louisiana",3/22/2020
"Avoyelles, Louisiana",3/22/2020
"Beauregard, Louisiana",3/22/2020
"Bienville, Louisiana",3/22/2020
"Bossier, Louisiana",3/22/2020
"Caddo, Louisiana",3/22/2020
"Calcasieu, Louisiana",3/22/2020
"Caldwell, Louisiana",3/22/2020
"Cameron, Louisiana",3/22/2020
"Catahoula, Louisiana",3/22/2020
"Claiborne, Louisiana",3/22/2020
"Concordia, Louisiana",3/22/2020
"De Soto, Louisiana",3/22/2020
"East Baton Rouge, Louisiana",3/22/2020
"East Carroll, Louisiana",3/22/2020
"East Feliciana, Louisiana",3/22/2020
"Evangeline, Louisiana",3/22/2020
"Franklin, Louisiana",3/22/2020
"Grant, Louisiana",3/22/2020
"Iberia, Louisiana",3/22/2020
"Iberville, Louisiana",3/22/2020
"Jackson, Louisiana",3/22/2020
"Jefferson, Louisiana",3/22/2020
"Jefferson Davis, Louisiana",3/22/2020
"Lafayette, Louisiana",3/22/2020
"Lafourche, Louisiana",3/22/2020
"La Salle, Louisiana",3/22/2020
"Lincoln, Louisiana",3/22/2020
"Livingston, Louisiana",3/22/2020
"Madison, Louisiana",3/22/2020
"Morehouse, Louisiana",3/22/2020
"Natchitoches, Louisiana",3/22/2020
"Orleans, Louisiana",3/22/2020
"Ouachita, Louisiana",3/22/2020
"Plaquemines, Louisiana",3/22/2020
"Pointe Coupee, Louisiana",3/22/2020
"Rapides, Louisiana",3/22/2020
"Red River, Louisiana",3/22/2020
"Richland, Louisiana",3/22/2020
"Sabine, Louisiana",3/22/2020
"St. Bernard, Louisiana",3/22/2020
"St. Charles, Louisiana",3/22/2020
"St. Helena, Louisiana",3/22/2020
"St. James, Louisiana",3/22/2020
"St. John the Baptist, Louisiana",3/22/2020
"St. Landry, Louisiana",3/22/2020
"St. Martin, Louisiana",3/22/2020
"St. Mary, Louisiana",3/22/2020
"St. Tammany, Louisiana",3/22/2020
"Tangipahoa, Louisiana",3/22/2020
"Tensas, Louisiana",3/22/2020
"Terrebonne, Louisiana",3/22/2020
"Union, Louisiana",3/22/2020
"Vermilion, Louisiana",3/22/2020
"Vernon, Louisiana",3/22/2020
"Washington, Louisiana",3/22/2020
"Webster, Louisiana",3/22/2020
"West Baton Rouge, Louisiana",3/22/2020
"West Carroll, Louisiana",3/22/2020
"West Feliciana, Louisiana",3/22/2020
"Winn, Louisiana",3/22/2020
"Androscoggin, Maine",3/31/2020
"Aroostook, Maine",3/31/2020
"Cumberland, Maine",3/31/2020
"Franklin, Maine",3/31/2020
"Hancock, Maine",3/31/2020
"Kennebec, Maine",3/31/2020
"Knox, Maine",3/31/2020
"Lincoln, Maine",3/31/2020
"Oxford, Maine",3/31/2020
"Penobscot, Maine",3/31/2020
"Piscataquis, Maine",3/31/2020
"Sagadahoc, Maine",3/31/2020
"Somerset, Maine",3/31/2020
"Waldo, Maine",3/31/2020
"Washington, Maine",3/31/2020
"York, Maine",3/31/2020
"Allegany, Maryland",3/30/2020
"Anne Arundel, Maryland",3/30/2020
"Baltimore, Maryland",3/30/2020
"Calvert, Maryland",3/30/2020
"Caroline, Maryland",3/30/2020
"Carroll, Maryland",3/30/2020
"Cecil, Maryland",3/30/2020
"Charles, Maryland",3/30/2020
"Dorchester, Maryland",3/30/2020
"Frederick, Maryland",3/30/2020
"Garrett, Maryland",3/30/2020
"Harford, Maryland",3/30/2020
"Howard, Maryland",3/30/2020
"Kent, Maryland",3/30/2020
"Montgomery, Maryland",3/30/2020
"Prince George's, Maryland",3/30/2020
"Queen Anne's, Maryland",3/30/2020
"St. Mary's, Maryland",3/30/2020
"Somerset, Maryland",3/30/2020
"Talbot, Maryland",3/30/2020
"Washington, Maryland",3/30/2020
"Wicomico, Maryland",3/30/2020
"Worcester, Maryland",3/30/2020
"Barnstable, Massachusetts",3/23/2020
"Berkshire, Massachusetts",3/23/2020
"Bristol, Massachusetts",3/23/2020
"Dukes, Massachusetts",3/23/2020
"Essex, Massachusetts",3/23/2020
"Franklin, Massachusetts",3/23/2020
"Hampden, Massachusetts",3/23/2020
"Hampshire, Massachusetts",3/23/2020
"Middlesex, Massachusetts",3/23/2020
"Nantucket, Massachusetts",3/23/2020
"Norfolk, Massachusetts",3/23/2020
"Plymouth, Massachusetts",3/23/2020
"Suffolk, Massachusetts",3/23/2020
"Worcester, Massachusetts",3/23/2020
"Alcona, Michigan",3/23/2020
"Alger, Michigan",3/23/2020
"Allegan, Michigan",3/23/2020
"Alpena, Michigan",3/23/2020
"Antrim, Michigan",3/23/2020
"Arenac, Michigan",3/23/2020
"Baraga, Michigan",3/23/2020
"Barry, Michigan",3/23/2020
"Bay, Michigan",3/23/2020
"Benzie, Michigan",3/23/2020
"Berrien, Michigan",3/23/2020
"Branch, Michigan",3/23/2020
"Calhoun, Michigan",3/23/2020
"Cass, Michigan",3/23/2020
"Charlevoix, Michigan",3/23/2020
"Cheboygan, Michigan",3/23/2020
"Chippewa, Michigan",3/23/2020
"Clare, Michigan",3/23/2020
"Clinton, Michigan",3/23/2020
"Crawford, Michigan",3/23/2020
"Delta, Michigan",3/23/2020
"Dickinson, Michigan",3/23/2020
"Eaton, Michigan",3/23/2020
"Emmet, Michigan",3/23/2020
"Genesee, Michigan",3/23/2020
"Gladwin, Michigan",3/23/2020
"Gogebic, Michigan",3/23/2020
"Grand Traverse, Michigan",3/23/2020
"Gratiot, Michigan",3/23/2020
"Hillsdale, Michigan",3/23/2020
"Houghton, Michigan",3/23/2020
"Huron, Michigan",3/23/2020
"Ingham, Michigan",3/23/2020
"Ionia, Michigan",3/23/2020
"Iosco, Michigan",3/23/2020
"Iron, Michigan",3/23/2020
"Isabella, Michigan",3/23/2020
"Jackson, Michigan",3/23/2020
"Kalamazoo, Michigan",3/23/2020
"Kalkaska, Michigan",3/23/2020
"Kent, Michigan",3/23/2020
"Keweenaw, Michigan",3/23/2020
"Lake, Michigan",3/23/2020
"Lapeer, Michigan",3/23/2020
"Leelanau, Michigan",3/23/2020
"Lenawee, Michigan",3/23/2020
"Livingston, Michigan",3/23/2020
"Luce, Michigan",3/23/2020
"Mackinac, Michigan",3/23/2020
"Macomb, Michigan",3/23/2020
"Manistee, Michigan",3/23/2020
"Marquette, Michigan",3/23/2020
"Mason, Michigan",3/23/2020
"Mecosta, Michigan",3/23/2020
"Menominee, Michigan",3/23/2020
"Midland, Michigan",3/23/2020
"Missaukee, Michigan",3/23/2020
"Monroe, Michigan",3/23/2020
"Montcalm, Michigan",3/23/2020
"Montmorency, Michigan",3/23/2020
"Muskegon, Michigan",3/23/2020
"Newaygo, Michigan",3/23/2020
"Oakland, Michigan",3/23/2020
"Oceana, Michigan",3/23/2020
"Ogemaw, Michigan",3/23/2020
"Ontonagon, Michigan",3/23/2020
"Osceola, Michigan",3/23/2020
"Oscoda, Michigan",3/23/2020
"Otsego, Michigan",3/23/2020
"Ottawa, Michigan",3/23/2020
"Presque Isle, Michigan",3/23/2020
"Roscommon, Michigan",3/23/2020
"Saginaw, Michigan",3/23/2020
"St. Clair, Michigan",3/23/2020
"St. Joseph, Michigan",3/23/2020
"Sanilac, Michigan",3/23/2020
"Schoolcraft, Michigan",3/23/2020
"Shiawassee, Michigan",3/23/2020
"Tuscola, Michigan",3/23/2020
"Van Buren, Michigan",3/23/2020
"Washtenaw, Michigan",3/23/2020
"Wayne, Michigan",3/23/2020
"Wexford, Michigan",3/23/2020
"Aitkin, Minnesota",3/25/2020
"Anoka, Minnesota",3/25/2020
"Becker, Minnesota",3/25/2020
"Beltrami, Minnesota",3/25/2020
"Benton, Minnesota",3/25/2020
"Big Stone, Minnesota",3/25/2020
"Blue Earth, Minnesota",3/25/2020
"Brown, Minnesota",3/25/2020
"Carlton, Minnesota",3/25/2020
"Carver, Minnesota",3/25/2020
"Cass, Minnesota",3/25/2020
"Chippewa, Minnesota",3/25/2020
"Chisago, Minnesota",3/25/2020
"Clay, Minnesota",3/25/2020
"Clearwater, Minnesota",3/25/2020
"Cook, Minnesota",3/25/2020
"Cottonwood, Minnesota",3/25/2020
"Crow Wing, Minnesota",3/25/2020
"Dakota, Minnesota",3/25/2020
"Dodge, Minnesota",3/25/2020
"Douglas, Minnesota",3/25/2020
"Faribault, Minnesota",3/25/2020
"Fillmore, Minnesota",3/25/2020
"Freeborn, Minnesota",3/25/2020
"Goodhue, Minnesota",3/25/2020
"Grant, Minnesota",3/25/2020
"Hennepin, Minnesota",3/25/2020
"Houston, Minnesota",3/25/2020
"Hubbard, Minnesota",3/25/2020
"Isanti, Minnesota",3/25/2020
"Itasca, Minnesota",3/25/2020
"Jackson, Minnesota",3/25/2020
"Kanabec, Minnesota",3/25/2020
"Kandiyohi, Minnesota",3/25/2020
"Kittson, Minnesota",3/25/2020
"Koochiching, Minnesota",3/25/2020
"Lac qui Parle, Minnesota",3/25/2020
"Lake, Minnesota",3/25/2020
"Lake of the Woods, Minnesota",3/25/2020
"Le Sueur, Minnesota",3/25/2020
"Lincoln, Minnesota",3/25/2020
"Lyon, Minnesota",3/25/2020
"McLeod, Minnesota",3/25/2020
"Mahnomen, Minnesota",3/25/2020
"Marshall, Minnesota",3/25/2020
"Martin, Minnesota",3/25/2020
"Meeker, Minnesota",3/25/2020
"Mille Lacs, Minnesota",3/25/2020
"Morrison, Minnesota",3/25/2020
"Mower, Minnesota",3/25/2020
"Murray, Minnesota",3/25/2020
"Nicollet, Minnesota",3/25/2020
"Nobles, Minnesota",3/25/2020
"Norman, Minnesota",3/25/2020
"Olmsted, Minnesota",3/25/2020
"Otter Tail, Minnesota",3/25/2020
"Pennington, Minnesota",3/25/2020
"Pine, Minnesota",3/25/2020
"Pipestone, Minnesota",3/25/2020
"Polk, Minnesota",3/25/2020
"Pope, Minnesota",3/25/2020
"Ramsey, Minnesota",3/25/2020
"Red Lake, Minnesota",3/25/2020
"Redwood, Minnesota",3/25/2020
"Renville, Minnesota",3/25/2020
"Rice, Minnesota",3/25/2020
"Rock, Minnesota",3/25/2020
"Roseau, Minnesota",3/25/2020
"St. Louis, Minnesota",3/25/2020
"Scott, Minnesota",3/25/2020
"Sherburne, Minnesota",3/25/2020
"Sibley, Minnesota",3/25/2020
"Stearns, Minnesota",3/25/2020
"Steele, Minnesota",3/25/2020
"Stevens, Minnesota",3/25/2020
"Swift, Minnesota",3/25/2020
"Todd, Minnesota",3/25/2020
"Traverse, Minnesota",3/25/2020
"Wabasha, Minnesota",3/25/2020
"Wadena, Minnesota",3/25/2020
"Waseca, Minnesota",3/25/2020
"Washington, Minnesota",3/25/2020
"Watonwan, Minnesota",3/25/2020
"Wilkin, Minnesota",3/25/2020
"Winona, Minnesota",3/25/2020
"Wright, Minnesota",3/25/2020
"Yellow Medicine, Minnesota",3/25/2020
"Adams, Mississippi",4/1/2020
"Alcorn, Mississippi",4/1/2020
"Amite, Mississippi",4/1/2020
"Attala, Mississippi",4/1/2020
"Benton, Mississippi",4/1/2020
"Bolivar, Mississippi",4/1/2020
"Calhoun, Mississippi",4/1/2020
"Carroll, Mississippi",4/1/2020
"Chickasaw, Mississippi",4/1/2020
"Choctaw, Mississippi",4/1/2020
"Claiborne, Mississippi",4/1/2020
"Clarke, Mississippi",4/1/2020
"Clay, Mississippi",4/1/2020
"Coahoma, Mississippi",4/1/2020
"Copiah, Mississippi",4/1/2020
"Covington, Mississippi",4/1/2020
"DeSoto, Mississippi",4/1/2020
"Forrest, Mississippi",4/1/2020
"Franklin, Mississippi",4/1/2020
"George, Mississippi",4/1/2020
"Greene, Mississippi",4/1/2020
"Grenada, Mississippi",4/1/2020
"Hancock, Mississippi",4/1/2020
"Harrison, Mississippi",4/1/2020
"Hinds, Mississippi",4/1/2020
"Holmes, Mississippi",4/1/2020
"Humphreys, Mississippi",4/1/2020
"Issaquena, Mississippi",4/1/2020
"Itawamba, Mississippi",4/1/2020
"Jackson, Mississippi",4/1/2020
"Jasper, Mississippi",4/1/2020
"Jefferson, Mississippi",4/1/2020
"Jefferson Davis, Mississippi",4/1/2020
"Jones, Mississippi",4/1/2020
"Kemper, Mississippi",4/1/2020
"Lafayette, Mississippi",4/1/2020
"Lamar, Mississippi",4/1/2020
"Lauderdale, Mississippi",4/1/2020
"Lawrence, Mississippi",4/1/2020
"Leake, Mississippi",4/1/2020
"Lee, Mississippi",4/1/2020
"Leflore, Mississippi",4/1/2020
"Lincoln, Mississippi",4/1/2020
"Lowndes, Mississippi",4/1/2020
"Madison, Mississippi",4/1/2020
"Marion, Mississippi",4/1/2020
"Marshall, Mississippi",4/1/2020
"Monroe, Mississippi",4/1/2020
"Montgomery, Mississippi",4/1/2020
"Neshoba, Mississippi",4/1/2020
"Newton, Mississippi",4/1/2020
"Noxubee, Mississippi",4/1/2020
"Oktibbeha, Mississippi",4/1/2020
"Panola, Mississippi",4/1/2020
"Pearl River, Mississippi",4/1/2020
"Perry, Mississippi",4/1/2020
"Pike, Mississippi",4/1/2020
"Pontotoc, Mississippi",4/1/2020
"Prentiss, Mississippi",4/1/2020
"Quitman, Mississippi",4/1/2020
"Rankin, Mississippi",4/1/2020
"Scott, Mississippi",4/1/2020
"Sharkey, Mississippi",4/1/2020
"Simpson, Mississippi",4/1/2020
"Smith, Mississippi",4/1/2020
"Stone, Mississippi",4/1/2020
"Sunflower, Mississippi",4/1/2020
"Tallahatchie, Mississippi",4/1/2020
"Tate, Mississippi",4/1/2020
"Tippah, Mississippi",4/1/2020
"Tishomingo, Mississippi",4/1/2020
"Tunica, Mississippi",4/1/2020
"Union, Mississippi",4/1/2020
"Walthall, Mississippi",4/1/2020
"Warren, Mississippi",4/1/2020
"Washington, Mississippi",4/1/2020
"Wayne, Mississippi",4/1/2020
"Webster, Mississippi",4/1/2020
"Wilkinson, Mississippi",4/1/2020
"Winston, Mississippi",4/1/2020
"Yalobusha, Mississippi",4/1/2020
"Yazoo, Mississippi",4/1/2020
"Adair, Missouri",4/3/2020
"Andrew, Missouri",4/3/2020
"Atchison, Missouri",4/3/2020
"Audrain, Missouri",4/3/2020
"Barry, Missouri",4/3/2020
"Barton, Missouri",4/3/2020
"Bates, Missouri",4/3/2020
"Benton, Missouri",4/3/2020
"Bollinger, Missouri",4/3/2020
"Boone, Missouri",4/3/2020
"Buchanan, Missouri",4/3/2020
"Butler, Missouri",4/3/2020
"Caldwell, Missouri",4/3/2020
"Callaway, Missouri",4/3/2020
"Camden, Missouri",4/3/2020
"Cape Girardeau, Missouri",4/3/2020
"Carroll, Missouri",4/3/2020
"Carter, Missouri",4/3/2020
"Cass, Missouri",4/3/2020
"Cedar, Missouri",4/3/2020
"Chariton, Missouri",4/3/2020
"Christian, Missouri",4/3/2020
"Clark, Missouri",4/3/2020
"Clay, Missouri",4/3/2020
"Clinton, Missouri",4/3/2020
"Cole, Missouri",4/3/2020
"Cooper, Missouri",4/3/2020
"Crawford, Missouri",4/3/2020
"Dade, Missouri",4/3/2020
"Dallas, Missouri",4/3/2020
"Daviess, Missouri",4/3/2020
"DeKalb, Missouri",4/3/2020
"Dent, Missouri",4/3/2020
"Douglas, Missouri",4/3/2020
"Dunklin, Missouri",4/3/2020
"Franklin, Missouri",4/3/2020
"Gasconade, Missouri",4/3/2020
"Gentry, Missouri",4/3/2020
"Greene, Missouri",4/3/2020
"Grundy, Missouri",4/3/2020
"Harrison, Missouri",4/3/2020
"Henry, Missouri",4/3/2020
"Hickory, Missouri",4/3/2020
"Holt, Missouri",4/3/2020
"Howard, Missouri",4/3/2020
"Howell, Missouri",4/3/2020
"Iron, Missouri",4/3/2020
"Jackson, Missouri",4/3/2020
"Jasper, Missouri",4/3/2020
"Jefferson, Missouri",4/3/2020
"Johnson, Missouri",4/3/2020
"Knox, Missouri",4/3/2020
"Laclede, Missouri",4/3/2020
"Lafayette, Missouri",4/3/2020
"Lawrence, Missouri",4/3/2020
"Lewis, Missouri",4/3/2020
"Lincoln, Missouri",4/3/2020
"Linn, Missouri",4/3/2020
"Livingston, Missouri",4/3/2020
"McDonald, Missouri",4/3/2020
"Macon, Missouri",4/3/2020
"Madison, Missouri",4/3/2020
"Maries, Missouri",4/3/2020
"Marion, Missouri",4/3/2020
"Mercer, Missouri",4/3/2020
"Miller, Missouri",4/3/2020
"Mississippi, Missouri",4/3/2020
"Moniteau, Missouri",4/3/2020
"Monroe, Missouri",4/3/2020
"Montgomery, Missouri",4/3/2020
"Morgan, Missouri",4/3/2020
"New Madrid, Missouri",4/3/2020
"Newton, Missouri",4/3/2020
"Nodaway, Missouri",4/3/2020
"Oregon, Missouri",4/3/2020
"Osage, Missouri",4/3/2020
"Ozark, Missouri",4/3/2020
"Pemiscot, Missouri",4/3/2020
"Perry, Missouri",4/3/2020
"Pettis, Missouri",4/3/2020
"Phelps, Missouri",4/3/2020
"Pike, Missouri",4/3/2020
"Platte, Missouri",4/3/2020
"Polk, Missouri",4/3/2020
"Pulaski, Missouri",4/3/2020
"Putnam, Missouri",4/3/2020
"Ralls, Missouri",4/3/2020
"Randolph, Missouri",4/3/2020
"Ray, Missouri",4/3/2020
"Reynolds, Missouri",4/3/2020
"Ripley, Missouri",4/3/2020
"St. Charles, Missouri",4/3/2020
"St. Clair, Missouri",4/3/2020
"Ste. Genevieve, Missouri",4/3/2020
"St. Francois, Missouri",4/3/2020
"St. Louis, Missouri",4/3/2020
"Saline, Missouri",4/3/2020
"Schuyler, Missouri",4/3/2020
"Scotland, Missouri",4/3/2020
"Scott, Missouri",4/3/2020
"Shannon, Missouri",4/3/2020
"Shelby, Missouri",4/3/2020
"Stoddard, Missouri",4/3/2020
"Stone, Missouri",4/3/2020
"Sullivan, Missouri",4/3/2020
"Taney, Missouri",4/3/2020
"Texas, Missouri",4/3/2020
"Vernon, Missouri",4/3/2020
"Warren, Missouri",4/3/2020
"Washington, Missouri",4/3/2020
"Wayne, Missouri",4/3/2020
"Webster, Missouri",4/3/2020
"Worth, Missouri",4/3/2020
"Wright, Missouri",4/3/2020
"Beaverhead, Montana",3/26/2020
"Big Horn, Montana",3/26/2020
"Blaine, Montana",3/26/2020
"Broadwater, Montana",3/26/2020
"Carbon, Montana",3/26/2020
"Carter, Montana",3/26/2020
"Cascade, Montana",3/26/2020
"Chouteau, Montana",3/26/2020
"Custer, Montana",3/26/2020
"Daniels, Montana",3/26/2020
"Dawson, Montana",3/26/2020
"Deer Lodge, Montana",3/26/2020
"Fallon, Montana",3/26/2020
"Fergus, Montana",3/26/2020
"Flathead, Montana",3/26/2020
"Gallatin, Montana",3/26/2020
"Garfield, Montana",3/26/2020
"Glacier, Montana",3/26/2020
"Golden Valley, Montana",3/26/2020
"Granite, Montana",3/26/2020
"Hill, Montana",3/26/2020
"Jefferson, Montana",3/26/2020
"Judith Basin, Montana",3/26/2020
"Lake, Montana",3/26/2020
"Lewis and Clark, Montana",3/26/2020
"Liberty, Montana",3/26/2020
"Lincoln, Montana",3/26/2020
"McCone, Montana",3/26/2020
"Madison, Montana",3/26/2020
"Meagher, Montana",3/26/2020
"Mineral, Montana",3/26/2020
"Missoula, Montana",3/26/2020
"Musselshell, Montana",3/26/2020
"Park, Montana",3/26/2020
"Petroleum, Montana",3/26/2020
"Phillips, Montana",3/26/2020
"Pondera, Montana",3/26/2020
"Powder River, Montana",3/26/2020
"Powell, Montana",3/26/2020
"Prairie, Montana",3/26/2020
"Ravalli, Montana",3/26/2020
"Richland, Montana",3/26/2020
"Roosevelt, Montana",3/26/2020
"Rosebud, Montana",3/26/2020
"Sanders, Montana",3/26/2020
"Sheridan, Montana",3/26/2020
"Silver Bow, Montana",3/26/2020
"Stillwater, Montana",3/26/2020
"Sweet Grass, Montana",3/26/2020
"Teton, Montana",3/26/2020
"Toole, Montana",3/26/2020
"Treasure, Montana",3/26/2020
"Valley, Montana",3/26/2020
"Wheatland, Montana",3/26/2020
"Wibaux, Montana",3/26/2020
"Yellowstone, Montana",3/26/2020
"Adams, Nebraska",0/0/0
"Antelope, Nebraska",0/0/0
"Arthur, Nebraska",0/0/0
"Banner, Nebraska",0/0/0
"Blaine, Nebraska",0/0/0
"Boone, Nebraska",0/0/0
"Box Butte, Nebraska",0/0/0
"Boyd, Nebraska",0/0/0
"Brown, Nebraska",0/0/0
"Buffalo, Nebraska",0/0/0
"Burt, Nebraska",0/0/0
"Butler, Nebraska",0/0/0
"Cass, Nebraska",0/0/0
"Cedar, Nebraska",0/0/0
"Chase, Nebraska",0/0/0
"Cherry, Nebraska",0/0/0
"Cheyenne, Nebraska",0/0/0
"Clay, Nebraska",0/0/0
"Colfax, Nebraska",0/0/0
"Cuming, Nebraska",0/0/0
"Custer, Nebraska",0/0/0
"Dakota, Nebraska",0/0/0
"Dawes, Nebraska",0/0/0
"Dawson, Nebraska",0/0/0
"Deuel, Nebraska",0/0/0
"Dixon, Nebraska",0/0/0
"Dodge, Nebraska",0/0/0
"Douglas, Nebraska",0/0/0
"Dundy, Nebraska",0/0/0
"Fillmore, Nebraska",0/0/0
"Franklin, Nebraska",0/0/0
"Frontier, Nebraska",0/0/0
"Furnas, Nebraska",0/0/0
"Gage, Nebraska",0/0/0
"Garden, Nebraska",0/0/0
"Garfield, Nebraska",0/0/0
"Gosper, Nebraska",0/0/0
"Grant, Nebraska",0/0/0
"Greeley, Nebraska",0/0/0
"Hall, Nebraska",0/0/0
"Hamilton, Nebraska",0/0/0
"Harlan, Nebraska",0/0/0
"Hayes, Nebraska",0/0/0
"Hitchcock, Nebraska",0/0/0
"Holt, Nebraska",0/0/0
"Hooker, Nebraska",0/0/0
"Howard, Nebraska",0/0/0
"Jefferson, Nebraska",0/0/0
"Johnson, Nebraska",0/0/0
"Kearney, Nebraska",0/0/0
"Keith, Nebraska",0/0/0
"Keya Paha, Nebraska",0/0/0
"Kimball, Nebraska",0/0/0
"Knox, Nebraska",0/0/0
"Lancaster, Nebraska",0/0/0
"Lincoln, Nebraska",0/0/0
"Logan, Nebraska",0/0/0
"Loup, Nebraska",0/0/0
"McPherson, Nebraska",0/0/0
"Madison, Nebraska",0/0/0
"Merrick, Nebraska",0/0/0
"Morrill, Nebraska",0/0/0
"Nance, Nebraska",0/0/0
"Nemaha, Nebraska",0/0/0
"Nuckolls, Nebraska",0/0/0
"Otoe, Nebraska",0/0/0
"Pawnee, Nebraska",0/0/0
"Perkins, Nebraska",0/0/0
"Phelps, Nebraska",0/0/0
"Pierce, Nebraska",0/0/0
"Platte, Nebraska",0/0/0
"Polk, Nebraska",0/0/0
"Red Willow, Nebraska",0/0/0
"Richardson, Nebraska",0/0/0
"Rock, Nebraska",0/0/0
"Saline, Nebraska",0/0/0
"Sarpy, Nebraska",0/0/0
"Saunders, Nebraska",0/0/0
"Scotts Bluff, Nebraska",0/0/0
"Seward, Nebraska",0/0/0
"Sheridan, Nebraska",0/0/0
"Sherman, Nebraska",0/0/0
"Sioux, Nebraska",0/0/0
"Stanton, Nebraska",0/0/0
"Thayer, Nebraska",0/0/0
"Thomas, Nebraska",0/0/0
"Thurston, Nebraska",0/0/0
"Valley, Nebraska",0/0/0
"Washington, Nebraska",0/0/0
"Wayne, Nebraska",0/0/0
"Webster, Nebraska",0/0/0
"Wheeler, Nebraska",0/0/0
"York, Nebraska",0/0/0
"Churchill, Nevada",0/0/0
"Clark, Nevada",0/0/0
"Douglas, Nevada",0/0/0
"Elko, Nevada",0/0/0
"Esmeralda, Nevada",0/0/0
"Eureka, Nevada",0/0/0
"Humboldt, Nevada",0/0/0
"Lander, Nevada",0/0/0
"Lincoln, Nevada",0/0/0
"Lyon, Nevada",0/0/0
"Mineral, Nevada",0/0/0
"Nye, Nevada",0/0/0
"Pershing, Nevada",0/0/0
"Storey, Nevada",0/0/0
"Washoe, Nevada",0/0/0
"White Pine, Nevada",0/0/0
"Carson City, Nevada",0/0/0
"Belknap, New Hampshire",3/26/2020
"Carroll, New Hampshire",3/26/2020
"Cheshire, New Hampshire",3/26/2020
"Coos, New Hampshire",3/26/2020
"Grafton, New Hampshire",3/26/2020
"Hillsborough, New Hampshire",3/26/2020
"Merrimack, New Hampshire",3/26/2020
"Rockingham, New Hampshire",3/26/2020
"Strafford, New Hampshire",3/26/2020
"Sullivan, New Hampshire",3/26/2020
"Atlantic, New Jersey",3/21/2020
"Bergen, New Jersey",3/21/2020
"Burlington, New Jersey",3/21/2020
"Camden, New Jersey",3/21/2020
"Cape May, New Jersey",3/21/2020
"Cumberland, New Jersey",3/21/2020
"Essex, New Jersey",3/21/2020
"Gloucester, New Jersey",3/21/2020
"Hudson, New Jersey",3/21/2020
"Hunterdon, New Jersey",3/21/2020
"Mercer, New Jersey",3/21/2020
"Middlesex, New Jersey",3/21/2020
"Monmouth, New Jersey",3/21/2020
"Morris, New Jersey",3/21/2020
"Ocean, New Jersey",3/21/2020
"Passaic, New Jersey",3/21/2020
"Salem, New Jersey",3/21/2020
"Somerset, New Jersey",3/21/2020
"Sussex, New Jersey",3/21/2020
"Union, New Jersey",3/21/2020
"Warren, New Jersey",3/21/2020
"Bernalillo, New Mexico",3/23/2020
"Catron, New Mexico",3/23/2020
"Chaves, New Mexico",3/23/2020
"Cibola, New Mexico",3/23/2020
"Colfax, New Mexico",3/23/2020
"Curry, New Mexico",3/23/2020
"De Baca, New Mexico",3/23/2020
"Doa Ana, New Mexico",3/23/2020
"Eddy, New Mexico",3/23/2020
"Grant, New Mexico",3/23/2020
"Guadalupe, New Mexico",3/23/2020
"Harding, New Mexico",3/23/2020
"Hidalgo, New Mexico",3/23/2020
"Lea, New Mexico",3/23/2020
"Lincoln, New Mexico",3/23/2020
"Los Alamos, New Mexico",3/23/2020
"Luna, New Mexico",3/23/2020
"McKinley, New Mexico",3/23/2020
"Mora, New Mexico",3/23/2020
"Otero, New Mexico",3/23/2020
"Quay, New Mexico",3/23/2020
"Rio Arriba, New Mexico",3/23/2020
"Roosevelt, New Mexico",3/23/2020
"Sandoval, New Mexico",3/23/2020
"San Juan, New Mexico",3/23/2020
"San Miguel, New Mexico",3/23/2020
"Santa Fe, New Mexico",3/23/2020
"Sierra, New Mexico",3/23/2020
"Socorro, New Mexico",3/23/2020
"Taos, New Mexico",3/23/2020
"Torrance, New Mexico",3/23/2020
"Union, New Mexico",3/23/2020
"Valencia, New Mexico",3/23/2020
"Albany, New York",3/20/2020
"Allegany, New York",3/20/2020
"Bronx, New York",3/20/2020
"Broome, New York",3/20/2020
"Cattaraugus, New York",3/20/2020
"Cayuga, New York",3/20/2020
"Chautauqua, New York",3/20/2020
"Chemung, New York",3/20/2020
"Chenango, New York",3/20/2020
"Clinton, New York",3/20/2020
"Columbia, New York",3/20/2020
"Cortland, New York",3/20/2020
"Delaware, New York",3/20/2020
"Dutchess, New York",3/20/2020
"Erie, New York",3/20/2020
"Essex, New York",3/20/2020
"Franklin, New York",3/20/2020
"Fulton, New York",3/20/2020
"Genesee, New York",3/20/2020
"Greene, New York",3/20/2020
"Hamilton, New York",3/20/2020
"Herkimer, New York",3/20/2020
"Jefferson, New York",3/20/2020
"Kings, New York",3/20/2020
"Lewis, New York",3/20/2020
"Livingston, New York",3/20/2020
"Madison, New York",3/20/2020
"Monroe, New York",3/20/2020
"Montgomery, New York",3/20/2020
"Nassau, New York",3/20/2020
"New York, New York",3/20/2020
"Niagara, New York",3/20/2020
"Oneida, New York",3/20/2020
"Onondaga, New York",3/20/2020
"Ontario, New York",3/20/2020
"Orange, New York",3/20/2020
"Orleans, New York",3/20/2020
"Oswego, New York",3/20/2020
"Otsego, New York",3/20/2020
"Putnam, New York",3/20/2020
"Queens, New York",3/20/2020
"Rensselaer, New York",3/20/2020
"Richmond, New York",3/20/2020
"Rockland, New York",3/20/2020
"St. Lawrence, New York",3/20/2020
"Saratoga, New York",3/20/2020
"Schenectady, New York",3/20/2020
"Schoharie, New York",3/20/2020
"Schuyler, New York",3/20/2020
"Seneca, New York",3/20/2020
"Steuben, New York",3/20/2020
"Suffolk, New York",3/20/2020
"Sullivan, New York",3/20/2020
"Tioga, New York",3/20/2020
"Tompkins, New York",3/20/2020
"Ulster, New York",3/20/2020
"Warren, New York",3/20/2020
"Washington, New York",3/20/2020
"Wayne, New York",3/20/2020
"Westchester, New York",3/20/2020
"Wyoming, New York",3/20/2020
"Yates, New York",3/20/2020
"Alamance, North Carolina",3/27/2020
"Alexander, North Carolina",3/27/2020
"Alleghany, North Carolina",3/27/2020
"Anson, North Carolina",3/27/2020
"Ashe, North Carolina",3/27/2020
"Avery, North Carolina",3/27/2020
"Beaufort, North Carolina",3/27/2020
"Bertie, North Carolina",3/27/2020
"Bladen, North Carolina",3/27/2020
"Brunswick, North Carolina",3/27/2020
"Buncombe, North Carolina",3/27/2020
"Burke, North Carolina",3/27/2020
"Cabarrus, North Carolina",3/27/2020
"Caldwell, North Carolina",3/27/2020
"Camden, North Carolina",3/27/2020
"Carteret, North Carolina",3/27/2020
"Caswell, North Carolina",3/27/2020
"Catawba, North Carolina",3/27/2020
"Chatham, North Carolina",3/27/2020
"Cherokee, North Carolina",3/27/2020
"Chowan, North Carolina",3/27/2020
"Clay, North Carolina",3/27/2020
"Cleveland, North Carolina",3/27/2020
"Columbus, North Carolina",3/27/2020
"Craven, North Carolina",3/27/2020
"Cumberland, North Carolina",3/27/2020
"Currituck, North Carolina",3/27/2020
"Dare, North Carolina",3/27/2020
"Davidson, North Carolina",3/27/2020
"Davie, North Carolina",3/27/2020
"Duplin, North Carolina",3/27/2020
"Durham, North Carolina",3/27/2020
"Edgecombe, North Carolina",3/27/2020
"Forsyth, North Carolina",3/27/2020
"Franklin, North Carolina",3/27/2020
"Gaston, North Carolina",3/27/2020
"Gates, North Carolina",3/27/2020
"Graham, North Carolina",3/27/2020
"Granville, North Carolina",3/27/2020
"Greene, North Carolina",3/27/2020
"Guilford, North Carolina",3/27/2020
"Halifax, North Carolina",3/27/2020
"Harnett, North Carolina",3/27/2020
"Haywood, North Carolina",3/27/2020
"Henderson, North Carolina",3/27/2020
"Hertford, North Carolina",3/27/2020
"Hoke, North Carolina",3/27/2020
"Hyde, North Carolina",3/27/2020
"Iredell, North Carolina",3/27/2020
"Jackson, North Carolina",3/27/2020
"Johnston, North Carolina",3/27/2020
"Jones, North Carolina",3/27/2020
"Lee, North Carolina",3/27/2020
"Lenoir, North Carolina",3/27/2020
"Lincoln, North Carolina",3/27/2020
"McDowell, North Carolina",3/27/2020
"Macon, North Carolina",3/27/2020
"Madison, North Carolina",3/27/2020
"Martin, North Carolina",3/27/2020
"Mecklenburg, North Carolina",3/27/2020
"Mitchell, North Carolina",3/27/2020
"Montgomery, North Carolina",3/27/2020
"Moore, North Carolina",3/27/2020
"Nash, North Carolina",3/27/2020
"New Hanover, North Carolina",3/27/2020
"Northampton, North Carolina",3/27/2020
"Onslow, North Carolina",3/27/2020
"Orange, North Carolina",3/27/2020
"Pamlico, North Carolina",3/27/2020
"Pasquotank, North Carolina",3/27/2020
"Pender, North Carolina",3/27/2020
"Perquimans, North Carolina",3/27/2020
"Person, North Carolina",3/27/2020
"Pitt, North Carolina",3/27/2020
"Polk, North Carolina",3/27/2020
"Randolph, North Carolina",3/27/2020
"Richmond, North Carolina",3/27/2020
"Robeson, North Carolina",3/27/2020
"Rockingham, North Carolina",3/27/2020
"Rowan, North Carolina",3/27/2020
"Rutherford, North Carolina",3/27/2020
"Sampson, North Carolina",3/27/2020
"Scotland, North Carolina",3/27/2020
"Stanly, North Carolina",3/27/2020
"Stokes, North Carolina",3/27/2020
"Surry, North Carolina",3/27/2020
"Swain, North Carolina",3/27/2020
"Transylvania, North Carolina",3/27/2020
"Tyrrell, North Carolina",3/27/2020
"Union, North Carolina",3/27/2020
"Vance, North Carolina",3/27/2020
"Wake, North Carolina",3/27/2020
"Warren, North Carolina",3/27/2020
"Washington, North Carolina",3/27/2020
"Watauga, North Carolina",3/27/2020
"Wayne, North Carolina",3/27/2020
"Wilkes, North Carolina",3/27/2020
"Wilson, North Carolina",3/27/2020
"Yadkin, North Carolina",3/27/2020
"Yancey, North Carolina",3/27/2020
"Adams, North Dakota",0/0/0
"Barnes, North Dakota",0/0/0
"Benson, North Dakota",0/0/0
"Billings, North Dakota",0/0/0
"Bottineau, North Dakota",0/0/0
"Bowman, North Dakota",0/0/0
"Burke, North Dakota",0/0/0
"Burleigh, North Dakota",0/0/0
"Cass, North Dakota",0/0/0
"Cavalier, North Dakota",0/0/0
"Dickey, North Dakota",0/0/0
"Divide, North Dakota",0/0/0
"Dunn, North Dakota",0/0/0
"Eddy, North Dakota",0/0/0
"Emmons, North Dakota",0/0/0
"Foster, North Dakota",0/0/0
"Golden Valley, North Dakota",0/0/0
"Grand Forks, North Dakota",0/0/0
"Grant, North Dakota",0/0/0
"Griggs, North Dakota",0/0/0
"Hettinger, North Dakota",0/0/0
"Kidder, North Dakota",0/0/0
"LaMoure, North Dakota",0/0/0
"Logan, North Dakota",0/0/0
"McHenry, North Dakota",0/0/0
"McIntosh, North Dakota",0/0/0
"McKenzie, North Dakota",0/0/0
"McLean, North Dakota",0/0/0
"Mercer, North Dakota",0/0/0
"Morton, North Dakota",0/0/0
"Mountrail, North Dakota",0/0/0
"Nelson, North Dakota",0/0/0
"Oliver, North Dakota",0/0/0
"Pembina, North Dakota",0/0/0
"Pierce, North Dakota",0/0/0
"Ramsey, North Dakota",0/0/0
"Ransom, North Dakota",0/0/0
"Renville, North Dakota",0/0/0
"Richland, North Dakota",0/0/0
"Rolette, North Dakota",0/0/0
"Sargent, North Dakota",0/0/0
"Sheridan, North Dakota",0/0/0
"Sioux, North Dakota",0/0/0
"Slope, North Dakota",0/0/0
"Stark, North Dakota",0/0/0
"Steele, North Dakota",0/0/0
"Stutsman, North Dakota",0/0/0
"Towner, North Dakota",0/0/0
"Traill, North Dakota",0/0/0
"Walsh, North Dakota",0/0/0
"Ward, North Dakota",0/0/0
"Wells, North Dakota",0/0/0
"Williams, North Dakota",0/0/0
"Adams, Ohio",3/22/2020
"Allen, Ohio",3/22/2020
"Ashland, Ohio",3/22/2020
"Ashtabula, Ohio",3/22/2020
"Athens, Ohio",3/22/2020
"Auglaize, Ohio",3/22/2020
"Belmont, Ohio",3/22/2020
"Brown, Ohio",3/22/2020
"Butler, Ohio",3/22/2020
"Carroll, Ohio",3/22/2020
"Champaign, Ohio",3/22/2020
"Clark, Ohio",3/22/2020
"Clermont, Ohio",3/22/2020
"Clinton, Ohio",3/22/2020
"Columbiana, Ohio",3/22/2020
"Coshocton, Ohio",3/22/2020
"Crawford, Ohio",3/22/2020
"Cuyahoga, Ohio",3/22/2020
"Darke, Ohio",3/22/2020
"Defiance, Ohio",3/22/2020
"Delaware, Ohio",3/22/2020
"Erie, Ohio",3/22/2020
"Fairfield, Ohio",3/22/2020
"Fayette, Ohio",3/22/2020
"Franklin, Ohio",3/22/2020
"Fulton, Ohio",3/22/2020
"Gallia, Ohio",3/22/2020
"Geauga, Ohio",3/22/2020
"Greene, Ohio",3/22/2020
"Guernsey, Ohio",3/22/2020
"Hamilton, Ohio",3/22/2020
"Hancock, Ohio",3/22/2020
"Hardin, Ohio",3/22/2020
"Harrison, Ohio",3/22/2020
"Henry, Ohio",3/22/2020
"Highland, Ohio",3/22/2020
"Hocking, Ohio",3/22/2020
"Holmes, Ohio",3/22/2020
"Huron, Ohio",3/22/2020
"Jackson, Ohio",3/22/2020
"Jefferson, Ohio",3/22/2020
"Knox, Ohio",3/22/2020
"Lake, Ohio",3/22/2020
"Lawrence, Ohio",3/22/2020
"Licking, Ohio",3/22/2020
"Logan, Ohio",3/22/2020
"Lorain, Ohio",3/22/2020
"Lucas, Ohio",3/22/2020
"Madison, Ohio",3/22/2020
"Mahoning, Ohio",3/22/2020
"Marion, Ohio",3/22/2020
"Medina, Ohio",3/22/2020
"Meigs, Ohio",3/22/2020
"Mercer, Ohio",3/22/2020
"Miami, Ohio",3/22/2020
"Monroe, Ohio",3/22/2020
"Montgomery, Ohio",3/22/2020
"Morgan, Ohio",3/22/2020
"Morrow, Ohio",3/22/2020
"Muskingum, Ohio",3/22/2020
"Noble, Ohio",3/22/2020
"Ottawa, Ohio",3/22/2020
"Paulding, Ohio",3/22/2020
"Perry, Ohio",3/22/2020
"Pickaway, Ohio",3/22/2020
"Pike, Ohio",3/22/2020
"Portage, Ohio",3/22/2020
"Preble, Ohio",3/22/2020
"Putnam, Ohio",3/22/2020
"Richland, Ohio",3/22/2020
"Ross, Ohio",3/22/2020
"Sandusky, Ohio",3/22/2020
"Scioto, Ohio",3/22/2020
"Seneca, Ohio",3/22/2020
"Shelby, Ohio",3/22/2020
"Stark, Ohio",3/22/2020
"Summit, Ohio",3/22/2020
"Trumbull, Ohio",3/22/2020
"Tuscarawas, Ohio",3/22/2020
"Union, Ohio",3/22/2020
"Van Wert, Ohio",3/22/2020
"Vinton, Ohio",3/22/2020
"Warren, Ohio",3/22/2020
"Washington, Ohio",3/22/2020
"Wayne, Ohio",3/22/2020
"Williams, Ohio",3/22/2020
"Wood, Ohio",3/22/2020
"Wyandot, Ohio",3/22/2020
"Adair, Oklahoma",4/1/2020
"Alfalfa, Oklahoma",4/1/2020
"Atoka, Oklahoma",4/1/2020
"Beaver, Oklahoma",4/1/2020
"Beckham, Oklahoma",4/1/2020
"Blaine, Oklahoma",4/1/2020
"Bryan, Oklahoma",4/1/2020
"Caddo, Oklahoma",4/1/2020
"Canadian, Oklahoma",4/1/2020
"Carter, Oklahoma",4/1/2020
"Cherokee, Oklahoma",4/1/2020
"Choctaw, Oklahoma",4/1/2020
"Cimarron, Oklahoma",4/1/2020
"Cleveland, Oklahoma",4/1/2020
"Coal, Oklahoma",4/1/2020
"Comanche, Oklahoma",4/1/2020
"Cotton, Oklahoma",4/1/2020
"Craig, Oklahoma",4/1/2020
"Creek, Oklahoma",4/1/2020
"Custer, Oklahoma",4/1/2020
"Delaware, Oklahoma",4/1/2020
"Dewey, Oklahoma",4/1/2020
"Ellis, Oklahoma",4/1/2020
"Garfield, Oklahoma",4/1/2020
"Garvin, Oklahoma",4/1/2020
"Grady, Oklahoma",4/1/2020
"Grant, Oklahoma",4/1/2020
"Greer, Oklahoma",4/1/2020
"Harmon, Oklahoma",4/1/2020
"Harper, Oklahoma",4/1/2020
"Haskell, Oklahoma",4/1/2020
"Hughes, Oklahoma",4/1/2020
"Jackson, Oklahoma",4/1/2020
"Jefferson, Oklahoma",4/1/2020
"Johnston, Oklahoma",4/1/2020
"Kay, Oklahoma",4/1/2020
"Kingfisher, Oklahoma",4/1/2020
"Kiowa, Oklahoma",4/1/2020
"Latimer, Oklahoma",4/1/2020
"Le Flore, Oklahoma",4/1/2020
"Lincoln, Oklahoma",4/1/2020
"Logan, Oklahoma",4/1/2020
"Love, Oklahoma",4/1/2020
"McClain, Oklahoma",4/1/2020
"McCurtain, Oklahoma",4/1/2020
"McIntosh, Oklahoma",4/1/2020
"Major, Oklahoma",4/1/2020
"Marshall, Oklahoma",4/1/2020
"Mayes, Oklahoma",4/1/2020
"Murray, Oklahoma",4/1/2020
"Muskogee, Oklahoma",4/1/2020
"Noble, Oklahoma",4/1/2020
"Nowata, Oklahoma",4/1/2020
"Okfuskee, Oklahoma",4/1/2020
"Oklahoma, Oklahoma",4/1/2020
"Okmulgee, Oklahoma",4/1/2020
"Osage, Oklahoma",4/1/2020
"Ottawa, Oklahoma",4/1/2020
"Pawnee, Oklahoma",4/1/2020
"Payne, Oklahoma",4/1/2020
"Pittsburg, Oklahoma",4/1/2020
"Pontotoc, Oklahoma",4/1/2020
"Pottawatomie, Oklahoma",4/1/2020
"Pushmataha, Oklahoma",4/1/2020
"Roger Mills, Oklahoma",4/1/2020
"Rogers, Oklahoma",4/1/2020
"Seminole, Oklahoma",4/1/2020
"Sequoyah, Oklahoma",4/1/2020
"Stephens, Oklahoma",4/1/2020
"Texas, Oklahoma",4/1/2020
"Tillman, Oklahoma",4/1/2020
"Tulsa, Oklahoma",4/1/2020
"Wagoner, Oklahoma",4/1/2020
"Washington, Oklahoma",4/1/2020
"Washita, Oklahoma",4/1/2020
"Woods, Oklahoma",4/1/2020
"Woodward, Oklahoma",4/1/2020
"Baker, Oregon",3/23/2020
"Benton, Oregon",3/23/2020
"Clackamas, Oregon",3/23/2020
"Clatsop, Oregon",3/23/2020
"Columbia, Oregon",3/23/2020
"Coos, Oregon",3/23/2020
"Crook, Oregon",3/23/2020
"Curry, Oregon",3/23/2020
"Deschutes, Oregon",3/23/2020
"Douglas, Oregon",3/23/2020
"Gilliam, Oregon",3/23/2020
"Grant, Oregon",3/23/2020
"Harney, Oregon",3/23/2020
"Hood River, Oregon",3/23/2020
"Jackson, Oregon",3/23/2020
"Jefferson, Oregon",3/23/2020
"Josephine, Oregon",3/23/2020
"Klamath, Oregon",3/23/2020
"Lake, Oregon",3/23/2020
"Lane, Oregon",3/23/2020
"Lincoln, Oregon",3/23/2020
"Linn, Oregon",3/23/2020
"Malheur, Oregon",3/23/2020
"Marion, Oregon",3/23/2020
"Morrow, Oregon",3/23/2020
"Multnomah, Oregon",3/23/2020
"Polk, Oregon",3/23/2020
"Sherman, Oregon",3/23/2020
"Tillamook, Oregon",3/23/2020
"Umatilla, Oregon",3/23/2020
"Union, Oregon",3/23/2020
"Wallowa, Oregon",3/23/2020
"Wasco, Oregon",3/23/2020
"Washington, Oregon",3/23/2020
"Wheeler, Oregon",3/23/2020
"Yamhill, Oregon",3/23/2020
"Adams, Pennsylvania",4/1/2020
"Allegheny, Pennsylvania",4/1/2020
"Armstrong, Pennsylvania",4/1/2020
"Beaver, Pennsylvania",4/1/2020
"Bedford, Pennsylvania",4/1/2020
"Berks, Pennsylvania",4/1/2020
"Blair, Pennsylvania",4/1/2020
"Bradford, Pennsylvania",4/1/2020
"Bucks, Pennsylvania",4/1/2020
"Butler, Pennsylvania",4/1/2020
"Cambria, Pennsylvania",4/1/2020
"Cameron, Pennsylvania",4/1/2020
"Carbon, Pennsylvania",4/1/2020
"Centre, Pennsylvania",4/1/2020
"Chester, Pennsylvania",4/1/2020
"Clarion, Pennsylvania",4/1/2020
"Clearfield, Pennsylvania",4/1/2020
"Clinton, Pennsylvania",4/1/2020
"Columbia, Pennsylvania",4/1/2020
"Crawford, Pennsylvania",4/1/2020
"Cumberland, Pennsylvania",4/1/2020
"Dauphin, Pennsylvania",4/1/2020
"Delaware, Pennsylvania",4/1/2020
"Elk, Pennsylvania",4/1/2020
"Erie, Pennsylvania",4/1/2020
"Fayette, Pennsylvania",4/1/2020
"Forest, Pennsylvania",4/1/2020
"Franklin, Pennsylvania",4/1/2020
"Fulton, Pennsylvania",4/1/2020
"Greene, Pennsylvania",4/1/2020
"Huntingdon, Pennsylvania",4/1/2020
"Indiana, Pennsylvania",4/1/2020
"Jefferson, Pennsylvania",4/1/2020
"Juniata, Pennsylvania",4/1/2020
"Lackawanna, Pennsylvania",4/1/2020
"Lancaster, Pennsylvania",4/1/2020
"Lawrence, Pennsylvania",4/1/2020
"Lebanon, Pennsylvania",4/1/2020
"Lehigh, Pennsylvania",4/1/2020
"Luzerne, Pennsylvania",4/1/2020
"Lycoming, Pennsylvania",4/1/2020
"McKean, Pennsylvania",4/1/2020
"Mercer, Pennsylvania",4/1/2020
"Mifflin, Pennsylvania",4/1/2020
"Monroe, Pennsylvania",4/1/2020
"Montgomery, Pennsylvania",4/1/2020
"Montour, Pennsylvania",4/1/2020
"Northampton, Pennsylvania",4/1/2020
"Northumberland, Pennsylvania",4/1/2020
"Perry, Pennsylvania",4/1/2020
"Philadelphia, Pennsylvania",4/1/2020
"Pike, Pennsylvania",4/1/2020
"Potter, Pennsylvania",4/1/2020
"Schuylkill, Pennsylvania",4/1/2020
"Snyder, Pennsylvania",4/1/2020
"Somerset, Pennsylvania",4/1/2020
"Sullivan, Pennsylvania",4/1/2020
"Susquehanna, Pennsylvania",4/1/2020
"Tioga, Pennsylvania",4/1/2020
"Union, Pennsylvania",4/1/2020
"Venango, Pennsylvania",4/1/2020
"Warren, Pennsylvania",4/1/2020
"Washington, Pennsylvania",4/1/2020
"Wayne, Pennsylvania",4/1/2020
"Westmoreland, Pennsylvania",4/1/2020
"Wyoming, Pennsylvania",4/1/2020
"York, Pennsylvania",4/1/2020
"Bristol, Rhode Island",3/30/2020
"Kent, Rhode Island",3/30/2020
"Newport, Rhode Island",3/30/2020
"Providence, Rhode Island",3/30/2020
"Washington, Rhode Island",3/30/2020
"Abbeville, South Carolina",4/6/2020
"Aiken, South Carolina",4/6/2020
"Allendale, South Carolina",4/6/2020
"Anderson, South Carolina",4/6/2020
"Bamberg, South Carolina",4/6/2020
"Barnwell, South Carolina",4/6/2020
"Beaufort, South Carolina",4/6/2020
"Berkeley, South Carolina",4/6/2020
"Calhoun, South Carolina",4/6/2020
"Charleston, South Carolina",4/6/2020
"Cherokee, South Carolina",4/6/2020
"Chester, South Carolina",4/6/2020
"Chesterfield, South Carolina",4/6/2020
"Clarendon, South Carolina",4/6/2020
"Colleton, South Carolina",4/6/2020
"Darlington, South Carolina",4/6/2020
"Dillon, South Carolina",4/6/2020
"Dorchester, South Carolina",4/6/2020
"Edgefield, South Carolina",4/6/2020
"Fairfield, South Carolina",4/6/2020
"Florence, South Carolina",4/6/2020
"Georgetown, South Carolina",4/6/2020
"Greenville, South Carolina",4/6/2020
"Greenwood, South Carolina",4/6/2020
"Hampton, South Carolina",4/6/2020
"Horry, South Carolina",4/6/2020
"Jasper, South Carolina",4/6/2020
"Kershaw, South Carolina",4/6/2020
"Lancaster, South Carolina",4/6/2020
"Laurens, South Carolina",4/6/2020
"Lee, South Carolina",4/6/2020
"Lexington, South Carolina",4/6/2020
"McCormick, South Carolina",4/6/2020
"Marion, South Carolina",4/6/2020
"Marlboro, South Carolina",4/6/2020
"Newberry, South Carolina",4/6/2020
"Oconee, South Carolina",4/6/2020
"Orangeburg, South Carolina",4/6/2020
"Pickens, South Carolina",4/6/2020
"Richland, South Carolina",4/6/2020
"Saluda, South Carolina",4/6/2020
"Spartanburg, South Carolina",4/6/2020
"Sumter, South Carolina",4/6/2020
"Union, South Carolina",4/6/2020
"Williamsburg, South Carolina",4/6/2020
"York, South Carolina",4/6/2020
"Aurora, South Dakota",3/23/2020
"Beadle, South Dakota",3/23/2020
"Bennett, South Dakota",3/23/2020
"Bon Homme, South Dakota",3/23/2020
"Brookings, South Dakota",3/23/2020
"Brown, South Dakota",3/23/2020
"Brule, South Dakota",3/23/2020
"Buffalo, South Dakota",3/23/2020
"Butte, South Dakota",3/23/2020
"Campbell, South Dakota",3/23/2020
"Charles Mix, South Dakota",3/23/2020
"Clark, South Dakota",3/23/2020
"Clay, South Dakota",3/23/2020
"Codington, South Dakota",3/23/2020
"Corson, South Dakota",3/23/2020
"Custer, South Dakota",3/23/2020
"Davison, South Dakota",3/23/2020
"Day, South Dakota",3/23/2020
"Deuel, South Dakota",3/23/2020
"Dewey, South Dakota",3/23/2020
"Douglas, South Dakota",3/23/2020
"Edmunds, South Dakota",3/23/2020
"Fall River, South Dakota",3/23/2020
"Faulk, South Dakota",3/23/2020
"Grant, South Dakota",3/23/2020
"Gregory, South Dakota",3/23/2020
"Haakon, South Dakota",3/23/2020
"Hamlin, South Dakota",3/23/2020
"Hand, South Dakota",3/23/2020
"Hanson, South Dakota",3/23/2020
"Harding, South Dakota",3/23/2020
"Hughes, South Dakota",3/23/2020
"Hutchinson, South Dakota",3/23/2020
"Hyde, South Dakota",3/23/2020
"Jackson, South Dakota",3/23/2020
"Jerauld, South Dakota",3/23/2020
"Jones, South Dakota",3/23/2020
"Kingsbury, South Dakota",3/23/2020
"Lake, South Dakota",3/23/2020
"Lawrence, South Dakota",3/23/2020
"Lincoln, South Dakota",3/23/2020
"Lyman, South Dakota",3/23/2020
"McCook, South Dakota",3/23/2020
"McPherson, South Dakota",3/23/2020
"Marshall, South Dakota",3/23/2020
"Meade, South Dakota",3/23/2020
"Mellette, South Dakota",3/23/2020
"Miner, South Dakota",3/23/2020
"Minnehaha, South Dakota",3/23/2020
"Moody, South Dakota",3/23/2020
"Pennington, South Dakota",3/23/2020
"Perkins, South Dakota",3/23/2020
"Potter, South Dakota",3/23/2020
"Roberts, South Dakota",3/23/2020
"Sanborn, South Dakota",3/23/2020
"Shannon, South Dakota",3/23/2020
"Spink, South Dakota",3/23/2020
"Stanley, South Dakota",3/23/2020
"Sully, South Dakota",3/23/2020
"Todd, South Dakota",3/23/2020
"Tripp, South Dakota",3/23/2020
"Turner, South Dakota",3/23/2020
"Union, South Dakota",3/23/2020
"Walworth, South Dakota",3/23/2020
"Yankton, South Dakota",3/23/2020
"Ziebach, South Dakota",3/23/2020
"Anderson, Tennessee",3/30/2020
"Bedford, Tennessee",3/30/2020
"Benton, Tennessee",3/30/2020
"Bledsoe, Tennessee",3/30/2020
"Blount, Tennessee",3/30/2020
"Bradley, Tennessee",3/30/2020
"Campbell, Tennessee",3/30/2020
"Cannon, Tennessee",3/30/2020
"Carroll, Tennessee",3/30/2020
"Carter, Tennessee",3/30/2020
"Cheatham, Tennessee",3/30/2020
"Chester, Tennessee",3/30/2020
"Claiborne, Tennessee",3/30/2020
"Clay, Tennessee",3/30/2020
"Cocke, Tennessee",3/30/2020
"Coffee, Tennessee",3/30/2020
"Crockett, Tennessee",3/30/2020
"Cumberland, Tennessee",3/30/2020
"Davidson, Tennessee",3/30/2020
"Decatur, Tennessee",3/30/2020
"DeKalb, Tennessee",3/30/2020
"Dickson, Tennessee",3/30/2020
"Dyer, Tennessee",3/30/2020
"Fayette, Tennessee",3/30/2020
"Fentress, Tennessee",3/30/2020
"Franklin, Tennessee",3/30/2020
"Gibson, Tennessee",3/30/2020
"Giles, Tennessee",3/30/2020
"Grainger, Tennessee",3/30/2020
"Greene, Tennessee",3/30/2020
"Grundy, Tennessee",3/30/2020
"Hamblen, Tennessee",3/30/2020
"Hamilton, Tennessee",3/30/2020
"Hancock, Tennessee",3/30/2020
"Hardeman, Tennessee",3/30/2020
"Hardin, Tennessee",3/30/2020
"Hawkins, Tennessee",3/30/2020
"Haywood, Tennessee",3/30/2020
"Henderson, Tennessee",3/30/2020
"Henry, Tennessee",3/30/2020
"Hickman, Tennessee",3/30/2020
"Houston, Tennessee",3/30/2020
"Humphreys, Tennessee",3/30/2020
"Jackson, Tennessee",3/30/2020
"Jefferson, Tennessee",3/30/2020
"Johnson, Tennessee",3/30/2020
"Knox, Tennessee",3/30/2020
"Lake, Tennessee",3/30/2020
"Lauderdale, Tennessee",3/30/2020
"Lawrence, Tennessee",3/30/2020
"Lewis, Tennessee",3/30/2020
"Lincoln, Tennessee",3/30/2020
"Loudon, Tennessee",3/30/2020
"McMinn, Tennessee",3/30/2020
"McNairy, Tennessee",3/30/2020
"Macon, Tennessee",3/30/2020
"Madison, Tennessee",3/30/2020
"Marion, Tennessee",3/30/2020
"Marshall, Tennessee",3/30/2020
"Maury, Tennessee",3/30/2020
"Meigs, Tennessee",3/30/2020
"Monroe, Tennessee",3/30/2020
"Montgomery, Tennessee",3/30/2020
"Moore, Tennessee",3/30/2020
"Morgan, Tennessee",3/30/2020
"Obion, Tennessee",3/30/2020
"Overton, Tennessee",3/30/2020
"Perry, Tennessee",3/30/2020
"Pickett, Tennessee",3/30/2020
"Polk, Tennessee",3/30/2020
"Putnam, Tennessee",3/30/2020
"Rhea, Tennessee",3/30/2020
"Roane, Tennessee",3/30/2020
"Robertson, Tennessee",3/30/2020
"Rutherford, Tennessee",3/30/2020
"Scott, Tennessee",3/30/2020
"Sequatchie, Tennessee",3/30/2020
"Sevier, Tennessee",3/30/2020
"Shelby, Tennessee",3/30/2020
"Smith, Tennessee",3/30/2020
"Stewart, Tennessee",3/30/2020
"Sullivan, Tennessee",3/30/2020
"Sumner, Tennessee",3/30/2020
"Tipton, Tennessee",3/30/2020
"Trousdale, Tennessee",3/30/2020
"Unicoi, Tennessee",3/30/2020
"Union, Tennessee",3/30/2020
"Van Buren, Tennessee",3/30/2020
"Warren, Tennessee",3/30/2020
"Washington, Tennessee",3/30/2020
"Wayne, Tennessee",3/30/2020
"Weakley, Tennessee",3/30/2020
"White, Tennessee",3/30/2020
"Williamson, Tennessee",3/30/2020
"Wilson, Tennessee",3/30/2020
"Anderson, Texas",3/31/2020
"Andrews, Texas",3/31/2020
"Angelina, Texas",3/31/2020
"Aransas, Texas",3/31/2020
"Archer, Texas",3/31/2020
"Armstrong, Texas",3/31/2020
"Atascosa, Texas",3/31/2020
"Austin, Texas",3/31/2020
"Bailey, Texas",3/31/2020
"Bandera, Texas",3/31/2020
"Bastrop, Texas",3/31/2020
"Baylor, Texas",3/31/2020
"Bee, Texas",3/31/2020
"Bell, Texas",3/31/2020
"Bexar, Texas",3/31/2020
"Blanco, Texas",3/31/2020
"Borden, Texas",3/31/2020
"Bosque, Texas",3/31/2020
"Bowie, Texas",3/31/2020
"Brazoria, Texas",3/31/2020
"Brazos, Texas",3/31/2020
"Brewster, Texas",3/31/2020
"Briscoe, Texas",3/31/2020
"Brooks, Texas",3/31/2020
"Brown, Texas",3/31/2020
"Burleson, Texas",3/31/2020
"Burnet, Texas",3/31/2020
"Caldwell, Texas",3/31/2020
"Calhoun, Texas",3/31/2020
"Callahan, Texas",3/31/2020
"Cameron, Texas",3/31/2020
"Camp, Texas",3/31/2020
"Carson, Texas",3/31/2020
"Cass, Texas",3/31/2020
"Castro, Texas",3/31/2020
"Chambers, Texas",3/31/2020
"Cherokee, Texas",3/31/2020
"Childress, Texas",3/31/2020
"Clay, Texas",3/31/2020
"Cochran, Texas",3/31/2020
"Coke, Texas",3/31/2020
"Coleman, Texas",3/31/2020
"Collin, Texas",3/31/2020
"Collingsworth, Texas",3/31/2020
"Colorado, Texas",3/31/2020
"Comal, Texas",3/31/2020
"Comanche, Texas",3/31/2020
"Concho, Texas",3/31/2020
"Cooke, Texas",3/31/2020
"Coryell, Texas",3/31/2020
"Cottle, Texas",3/31/2020
"Crane, Texas",3/31/2020
"Crockett, Texas",3/31/2020
"Crosby, Texas",3/31/2020
"Culberson, Texas",3/31/2020
"Dallam, Texas",3/31/2020
"Dallas, Texas",3/31/2020
"Dawson, Texas",3/31/2020
"Deaf Smith, Texas",3/31/2020
"Delta, Texas",3/31/2020
"Denton, Texas",3/31/2020
"DeWitt, Texas",3/31/2020
"Dickens, Texas",3/31/2020
"Dimmit, Texas",3/31/2020
"Donley, Texas",3/31/2020
"Duval, Texas",3/31/2020
"Eastland, Texas",3/31/2020
"Ector, Texas",3/31/2020
"Edwards, Texas",3/31/2020
"Ellis, Texas",3/31/2020
"El Paso, Texas",3/31/2020
"Erath, Texas",3/31/2020
"Falls, Texas",3/31/2020
"Fannin, Texas",3/31/2020
"Fayette, Texas",3/31/2020
"Fisher, Texas",3/31/2020
"Floyd, Texas",3/31/2020
"Foard, Texas",3/31/2020
"Fort Bend, Texas",3/31/2020
"Franklin, Texas",3/31/2020
"Freestone, Texas",3/31/2020
"Frio, Texas",3/31/2020
"Gaines, Texas",3/31/2020
"Galveston, Texas",3/31/2020
"Garza, Texas",3/31/2020
"Gillespie, Texas",3/31/2020
"Glasscock, Texas",3/31/2020
"Goliad, Texas",3/31/2020
"Gonzales, Texas",3/31/2020
"Gray, Texas",3/31/2020
"Grayson, Texas",3/31/2020
"Gregg, Texas",3/31/2020
"Grimes, Texas",3/31/2020
"Guadalupe, Texas",3/31/2020
"Hale, Texas",3/31/2020
"Hall, Texas",3/31/2020
"Hamilton, Texas",3/31/2020
"Hansford, Texas",3/31/2020
"Hardeman, Texas",3/31/2020
"Hardin, Texas",3/31/2020
"Harris, Texas",3/31/2020
"Harrison, Texas",3/31/2020
"Hartley, Texas",3/31/2020
"Haskell, Texas",3/31/2020
"Hays, Texas",3/31/2020
"Hemphill, Texas",3/31/2020
"Henderson, Texas",3/31/2020
"Hidalgo, Texas",3/31/2020
"Hill, Texas",3/31/2020
"Hockley, Texas",3/31/2020
"Hood, Texas",3/31/2020
"Hopkins, Texas",3/31/2020
"Houston, Texas",3/31/2020
"Howard, Texas",3/31/2020
"Hudspeth, Texas",3/31/2020
"Hunt, Texas",3/31/2020
"Hutchinson, Texas",3/31/2020
"Irion, Texas",3/31/2020
"Jack, Texas",3/31/2020
"Jackson, Texas",3/31/2020
"Jasper, Texas",3/31/2020
"Jeff Davis, Texas",3/31/2020
"Jefferson, Texas",3/31/2020
"Jim Hogg, Texas",3/31/2020
"Jim Wells, Texas",3/31/2020
"Johnson, Texas",3/31/2020
"Jones, Texas",3/31/2020
"Karnes, Texas",3/31/2020
"Kaufman, Texas",3/31/2020
"Kendall, Texas",3/31/2020
"Kenedy, Texas",3/31/2020
"Kent, Texas",3/31/2020
"Kerr, Texas",3/31/2020
"Kimble, Texas",3/31/2020
"King, Texas",3/31/2020
"Kinney, Texas",3/31/2020
"Kleberg, Texas",3/31/2020
"Knox, Texas",3/31/2020
"Lamar, Texas",3/31/2020
"Lamb, Texas",3/31/2020
"Lampasas, Texas",3/31/2020
"La Salle, Texas",3/31/2020
"Lavaca, Texas",3/31/2020
"Lee, Texas",3/31/2020
"Leon, Texas",3/31/2020
"Liberty, Texas",3/31/2020
"Limestone, Texas",3/31/2020
"Lipscomb, Texas",3/31/2020
"Live Oak, Texas",3/31/2020
"Llano, Texas",3/31/2020
"Loving, Texas",3/31/2020
"Lubbock, Texas",3/31/2020
"Lynn, Texas",3/31/2020
"McCulloch, Texas",3/31/2020
"McLennan, Texas",3/31/2020
"McMullen, Texas",3/31/2020
"Madison, Texas",3/31/2020
"Marion, Texas",3/31/2020
"Martin, Texas",3/31/2020
"Mason, Texas",3/31/2020
"Matagorda, Texas",3/31/2020
"Maverick, Texas",3/31/2020
"Medina, Texas",3/31/2020
"Menard, Texas",3/31/2020
"Midland, Texas",3/31/2020
"Milam, Texas",3/31/2020
"Mills, Texas",3/31/2020
"Mitchell, Texas",3/31/2020
"Montague, Texas",3/31/2020
"Montgomery, Texas",3/31/2020
"Moore, Texas",3/31/2020
"Morris, Texas",3/31/2020
"Motley, Texas",3/31/2020
"Nacogdoches, Texas",3/31/2020
"Navarro, Texas",3/31/2020
"Newton, Texas",3/31/2020
"Nolan, Texas",3/31/2020
"Nueces, Texas",3/31/2020
"Ochiltree, Texas",3/31/2020
"Oldham, Texas",3/31/2020
"Orange, Texas",3/31/2020
"Palo Pinto, Texas",3/31/2020
"Panola, Texas",3/31/2020
"Parker, Texas",3/31/2020
"Parmer, Texas",3/31/2020
"Pecos, Texas",3/31/2020
"Polk, Texas",3/31/2020
"Potter, Texas",3/31/2020
"Presidio, Texas",3/31/2020
"Rains, Texas",3/31/2020
"Randall, Texas",3/31/2020
"Reagan, Texas",3/31/2020
"Real, Texas",3/31/2020
"Red River, Texas",3/31/2020
"Reeves, Texas",3/31/2020
"Refugio, Texas",3/31/2020
"Roberts, Texas",3/31/2020
"Robertson, Texas",3/31/2020
"Rockwall, Texas",3/31/2020
"Runnels, Texas",3/31/2020
"Rusk, Texas",3/31/2020
"Sabine, Texas",3/31/2020
"San Augustine, Texas",3/31/2020
"San Jacinto, Texas",3/31/2020
"San Patricio, Texas",3/31/2020
"San Saba, Texas",3/31/2020
"Schleicher, Texas",3/31/2020
"Scurry, Texas",3/31/2020
"Shackelford, Texas",3/31/2020
"Shelby, Texas",3/31/2020
"Sherman, Texas",3/31/2020
"Smith, Texas",3/31/2020
"Somervell, Texas",3/31/2020
"Starr, Texas",3/31/2020
"Stephens, Texas",3/31/2020
"Sterling, Texas",3/31/2020
"Stonewall, Texas",3/31/2020
"Sutton, Texas",3/31/2020
"Swisher, Texas",3/31/2020
"Tarrant, Texas",3/31/2020
"Taylor, Texas",3/31/2020
"Terrell, Texas",3/31/2020
"Terry, Texas",3/31/2020
"Throckmorton, Texas",3/31/2020
"Titus, Texas",3/31/2020
"Tom Green, Texas",3/31/2020
"Travis, Texas",3/31/2020
"Trinity, Texas",3/31/2020
"Tyler, Texas",3/31/2020
"Upshur, Texas",3/31/2020
"Upton, Texas",3/31/2020
"Uvalde, Texas",3/31/2020
"Val Verde, Texas",3/31/2020
"Van Zandt, Texas",3/31/2020
"Victoria, Texas",3/31/2020
"Walker, Texas",3/31/2020
"Waller, Texas",3/31/2020
"Ward, Texas",3/31/2020
"Washington, Texas",3/31/2020
"Webb, Texas",3/31/2020
"Wharton, Texas",3/31/2020
"Wheeler, Texas",3/31/2020
"Wichita, Texas",3/31/2020
"Wilbarger, Texas",3/31/2020
"Willacy, Texas",3/31/2020
"Williamson, Texas",3/31/2020
"Wilson, Texas",3/31/2020
"Winkler, Texas",3/31/2020
"Wise, Texas",3/31/2020
"Wood, Texas",3/31/2020
"Yoakum, Texas",3/31/2020
"Young, Texas",3/31/2020
"Zapata, Texas",3/31/2020
"Zavala, Texas",3/31/2020
"Beaver, Utah",3/27/2020
"Box Elder, Utah",3/27/2020
"Cache, Utah",3/27/2020
"Carbon, Utah",3/27/2020
"Daggett, Utah",3/27/2020
"Davis, Utah",3/27/2020
"Duchesne, Utah",3/27/2020
"Emery, Utah",3/27/2020
"Garfield, Utah",3/27/2020
"Grand, Utah",3/27/2020
"Iron, Utah",3/27/2020
"Juab, Utah",3/27/2020
"Kane, Utah",3/27/2020
"Millard, Utah",3/27/2020
"Morgan, Utah",3/27/2020
"Piute, Utah",3/27/2020
"Rich, Utah",3/27/2020
"Salt Lake, Utah",3/27/2020
"San Juan, Utah",3/27/2020
"Sanpete, Utah",3/27/2020
"Sevier, Utah",3/27/2020
"Summit, Utah",3/27/2020
"Tooele, Utah",3/27/2020
"Uintah, Utah",3/27/2020
"Utah, Utah",3/27/2020
"Wasatch, Utah",3/27/2020
"Washington, Utah",3/27/2020
"Wayne, Utah",3/27/2020
"Weber, Utah",3/27/2020
"Addison, Vermont",3/24/2020
"Bennington, Vermont",3/24/2020
"Caledonia, Vermont",3/24/2020
"Chittenden, Vermont",3/24/2020
"Essex, Vermont",3/24/2020
"Franklin, Vermont",3/24/2020
"Grand Isle, Vermont",3/24/2020
"Lamoille, Vermont",3/24/2020
"Orange, Vermont",3/24/2020
"Orleans, Vermont",3/24/2020
"Rutland, Vermont",3/24/2020
"Washington, Vermont",3/24/2020
"Windham, Vermont",3/24/2020
"Windsor, Vermont",3/24/2020
"Accomack, Virginia",3/30/2020
"Albemarle, Virginia",3/30/2020
"Alleghany, Virginia",3/30/2020
"Amelia, Virginia",3/30/2020
"Amherst, Virginia",3/30/2020
"Appomattox, Virginia",3/30/2020
"Arlington, Virginia",3/30/2020
"Augusta, Virginia",3/30/2020
"Bath, Virginia",3/30/2020
"Bedford, Virginia",3/30/2020
"Bland, Virginia",3/30/2020
"Botetourt, Virginia",3/30/2020
"Brunswick, Virginia",3/30/2020
"Buchanan, Virginia",3/30/2020
"Buckingham, Virginia",3/30/2020
"Campbell, Virginia",3/30/2020
"Caroline, Virginia",3/30/2020
"Carroll, Virginia",3/30/2020
"Charles City, Virginia",3/30/2020
"Charlotte, Virginia",3/30/2020
"Chesterfield, Virginia",3/30/2020
"Clarke, Virginia",3/30/2020
"Craig, Virginia",3/30/2020
"Culpeper, Virginia",3/30/2020
"Cumberland, Virginia",3/30/2020
"Dickenson, Virginia",3/30/2020
"Dinwiddie, Virginia",3/30/2020
"Essex, Virginia",3/30/2020
"Fairfax, Virginia",3/30/2020
"Fauquier, Virginia",3/30/2020
"Floyd, Virginia",3/30/2020
"Fluvanna, Virginia",3/30/2020
"Franklin, Virginia",3/30/2020
"Frederick, Virginia",3/30/2020
"Giles, Virginia",3/30/2020
"Gloucester, Virginia",3/30/2020
"Goochland, Virginia",3/30/2020
"Grayson, Virginia",3/30/2020
"Greene, Virginia",3/30/2020
"Greensville, Virginia",3/30/2020
"Halifax, Virginia",3/30/2020
"Hanover, Virginia",3/30/2020
"Henrico, Virginia",3/30/2020
"Henry, Virginia",3/30/2020
"Highland, Virginia",3/30/2020
"Isle of Wight, Virginia",3/30/2020
"James City, Virginia",3/30/2020
"King and Queen, Virginia",3/30/2020
"King George, Virginia",3/30/2020
"King William, Virginia",3/30/2020
"Lancaster, Virginia",3/30/2020
"Lee, Virginia",3/30/2020
"Loudoun, Virginia",3/30/2020
"Louisa, Virginia",3/30/2020
"Lunenburg, Virginia",3/30/2020
"Madison, Virginia",3/30/2020
"Mathews, Virginia",3/30/2020
"Mecklenburg, Virginia",3/30/2020
"Middlesex, Virginia",3/30/2020
"Montgomery, Virginia",3/30/2020
"Nelson, Virginia",3/30/2020
"New Kent, Virginia",3/30/2020
"Northampton, Virginia",3/30/2020
"Northumberland, Virginia",3/30/2020
"Nottoway, Virginia",3/30/2020
"Orange, Virginia",3/30/2020
"Page, Virginia",3/30/2020
"Patrick, Virginia",3/30/2020
"Pittsylvania, Virginia",3/30/2020
"Powhatan, Virginia",3/30/2020
"Prince Edward, Virginia",3/30/2020
"Prince George, Virginia",3/30/2020
"Prince William, Virginia",3/30/2020
"Pulaski, Virginia",3/30/2020
"Rappahannock, Virginia",3/30/2020
"Richmond, Virginia",3/30/2020
"Roanoke, Virginia",3/30/2020
"Rockbridge, Virginia",3/30/2020
"Rockingham, Virginia",3/30/2020
"Russell, Virginia",3/30/2020
"Scott, Virginia",3/30/2020
"Shenandoah, Virginia",3/30/2020
"Smyth, Virginia",3/30/2020
"Southampton, Virginia",3/30/2020
"Spotsylvania, Virginia",3/30/2020
"Stafford, Virginia",3/30/2020
"Surry, Virginia",3/30/2020
"Sussex, Virginia",3/30/2020
"Tazewell, Virginia",3/30/2020
"Warren, Virginia",3/30/2020
"Washington, Virginia",3/30/2020
"Westmoreland, Virginia",3/30/2020
"Wise, Virginia",3/30/2020
"Wythe, Virginia",3/30/2020
"York, Virginia",3/30/2020
"Adams, Washington",3/23/2020
"Asotin, Washington",3/23/2020
"Benton, Washington",3/23/2020
"Chelan, Washington",3/23/2020
"Clallam, Washington",3/23/2020
"Clark, Washington",3/23/2020
"Columbia, Washington",3/23/2020
"Cowlitz, Washington",3/23/2020
"Douglas, Washington",3/23/2020
"Ferry, Washington",3/23/2020
"Franklin, Washington",3/23/2020
"Garfield, Washington",3/23/2020
"Grant, Washington",3/23/2020
"Grays Harbor, Washington",3/23/2020
"Island, Washington",3/23/2020
"Jefferson, Washington",3/23/2020
"King, Washington",3/23/2020
"Kitsap, Washington",3/23/2020
"Kittitas, Washington",3/23/2020
"Klickitat, Washington",3/23/2020
"Lewis, Washington",3/23/2020
"Lincoln, Washington",3/23/2020
"Mason, Washington",3/23/2020
"Okanogan, Washington",3/23/2020
"Pacific, Washington",3/23/2020
"Pend Oreille, Washington",3/23/2020
"Pierce, Washington",3/23/2020
"San Juan, Washington",3/23/2020
"Skagit, Washington",3/23/2020
"Skamania, Washington",3/23/2020
"Snohomish, Washington",3/23/2020
"Spokane, Washington",3/23/2020
"Stevens, Washington",3/23/2020
"Thurston, Washington",3/23/2020
"Wahkiakum, Washington",3/23/2020
"Walla Walla, Washington",3/23/2020
"Whatcom, Washington",3/23/2020
"Whitman, Washington",3/23/2020
"Yakima, Washington",3/23/2020
"Barbour, West Virginia",3/23/2020
"Berkeley, West Virginia",3/23/2020
"Boone, West Virginia",3/23/2020
"Braxton, West Virginia",3/23/2020
"Brooke, West Virginia",3/23/2020
"Cabell, West Virginia",3/23/2020
"Calhoun, West Virginia",3/23/2020
"Clay, West Virginia",3/23/2020
"Doddridge, West Virginia",3/23/2020
"Fayette, West Virginia",3/23/2020
"Gilmer, West Virginia",3/23/2020
"Grant, West Virginia",3/23/2020
"Greenbrier, West Virginia",3/23/2020
"Hampshire, West Virginia",3/23/2020
"Hancock, West Virginia",3/23/2020
"Hardy, West Virginia",3/23/2020
"Harrison, West Virginia",3/23/2020
"Jackson, West Virginia",3/23/2020
"Jefferson, West Virginia",3/23/2020
"Kanawha, West Virginia",3/23/2020
"Lewis, West Virginia",3/23/2020
"Lincoln, West Virginia",3/23/2020
"Logan, West Virginia",3/23/2020
"McDowell, West Virginia",3/23/2020
"Marion, West Virginia",3/23/2020
"Marshall, West Virginia",3/23/2020
"Mason, West Virginia",3/23/2020
"Mercer, West Virginia",3/23/2020
"Mineral, West Virginia",3/23/2020
"Mingo, West Virginia",3/23/2020
"Monongalia, West Virginia",3/23/2020
"Monroe, West Virginia",3/23/2020
"Morgan, West Virginia",3/23/2020
"Nicholas, West Virginia",3/23/2020
"Ohio, West Virginia",3/23/2020
"Pendleton, West Virginia",3/23/2020
"Pleasants, West Virginia",3/23/2020
"Pocahontas, West Virginia",3/23/2020
"Preston, West Virginia",3/23/2020
"Putnam, West Virginia",3/23/2020
"Raleigh, West Virginia",3/23/2020
"Randolph, West Virginia",3/23/2020
"Ritchie, West Virginia",3/23/2020
"Roane, West Virginia",3/23/2020
"Summers, West Virginia",3/23/2020
"Taylor, West Virginia",3/23/2020
"Tucker, West Virginia",3/23/2020
"Tyler, West Virginia",3/23/2020
"Upshur, West Virginia",3/23/2020
"Wayne, West Virginia",3/23/2020
"Webster, West Virginia",3/23/2020
"Wetzel, West Virginia",3/23/2020
"Wirt, West Virginia",3/23/2020
"Wood, West Virginia",3/23/2020
"Wyoming, West Virginia",3/23/2020
"Adams, Wisconsin",3/24/2020
"Ashland, Wisconsin",3/24/2020
"Barron, Wisconsin",3/24/2020
"Bayfield, Wisconsin",3/24/2020
"Brown, Wisconsin",3/24/2020
"Buffalo, Wisconsin",3/24/2020
"Burnett, Wisconsin",3/24/2020
"Calumet, Wisconsin",3/24/2020
"Chippewa, Wisconsin",3/24/2020
"Clark, Wisconsin",3/24/2020
"Columbia, Wisconsin",3/24/2020
"Crawford, Wisconsin",3/24/2020
"Dane, Wisconsin",3/24/2020
"Dodge, Wisconsin",3/24/2020
"Door, Wisconsin",3/24/2020
"Douglas, Wisconsin",3/24/2020
"Dunn, Wisconsin",3/24/2020
"Eau Claire, Wisconsin",3/24/2020
"Florence, Wisconsin",3/24/2020
"Fond du Lac, Wisconsin",3/24/2020
"Forest, Wisconsin",3/24/2020
"Grant, Wisconsin",3/24/2020
"Green, Wisconsin",3/24/2020
"Green Lake, Wisconsin",3/24/2020
"Iowa, Wisconsin",3/24/2020
"Iron, Wisconsin",3/24/2020
"Jackson, Wisconsin",3/24/2020
"Jefferson, Wisconsin",3/24/2020
"Juneau, Wisconsin",3/24/2020
"Kenosha, Wisconsin",3/24/2020
"Kewaunee, Wisconsin",3/24/2020
"La Crosse, Wisconsin",3/24/2020
"Lafayette, Wisconsin",3/24/2020
"Langlade, Wisconsin",3/24/2020
"Lincoln, Wisconsin",3/24/2020
"Manitowoc, Wisconsin",3/24/2020
"Marathon, Wisconsin",3/24/2020
"Marinette, Wisconsin",3/24/2020
"Marquette, Wisconsin",3/24/2020
"Menominee, Wisconsin",3/24/2020
"Milwaukee, Wisconsin",3/24/2020
"Monroe, Wisconsin",3/24/2020
"Oconto, Wisconsin",3/24/2020
"Oneida, Wisconsin",3/24/2020
"Outagamie, Wisconsin",3/24/2020
"Ozaukee, Wisconsin",3/24/2020
"Pepin, Wisconsin",3/24/2020
"Pierce, Wisconsin",3/24/2020
"Polk, Wisconsin",3/24/2020
"Portage, Wisconsin",3/24/2020
"Price, Wisconsin",3/24/2020
"Racine, Wisconsin",3/24/2020
"Richland, Wisconsin",3/24/2020
"Rock, Wisconsin",3/24/2020
"Rusk, Wisconsin",3/24/2020
"St. Croix, Wisconsin",3/24/2020
"Sauk, Wisconsin",3/24/2020
"Sawyer, Wisconsin",3/24/2020
"Shawano, Wisconsin",3/24/2020
"Sheboygan, Wisconsin",3/24/2020
"Taylor, Wisconsin",3/24/2020
"Trempealeau, Wisconsin",3/24/2020
"Vernon, Wisconsin",3/24/2020
"Vilas, Wisconsin",3/24/2020
"Walworth, Wisconsin",3/24/2020
"Washburn, Wisconsin",3/24/2020
"Washington, Wisconsin",3/24/2020
"Waukesha, Wisconsin",3/24/2020
"Waupaca, Wisconsin",3/24/2020
"Waushara, Wisconsin",3/24/2020
"Winnebago, Wisconsin",3/24/2020
"Wood, Wisconsin",3/24/2020
"Albany, Wyoming",0/0/0
"Big Horn, Wyoming",0/0/0
"Campbell, Wyoming",0/0/0
"Carbon, Wyoming",0/0/0
"Converse, Wyoming",0/0/0
"Crook, Wyoming",0/0/0
"Fremont, Wyoming",0/0/0
"Goshen, Wyoming",0/0/0
"Hot Springs, Wyoming",0/0/0
"Johnson, Wyoming",0/0/0
"Laramie, Wyoming",0/0/0
"Lincoln, Wyoming",0/0/0
"Natrona, Wyoming",0/0/0
"Niobrara, Wyoming",0/0/0
"Park, Wyoming",0/0/0
"Platte, Wyoming",0/0/0
"Sheridan, Wyoming",0/0/0
"Sublette, Wyoming",0/0/0
"Sweetwater, Wyoming",0/0/0
"Teton, Wyoming",0/0/0
"Uinta, Wyoming",0/0/0
"Washakie, Wyoming",0/0/0
"Weston, Wyoming",0/0/0
